URL,page_header_text
https://bookstack.cci.drexel.edu/books/sa-manual/page/helpful-links-for-sas,Helpful Links for SA's
https://bookstack.cci.drexel.edu/books/sa-manual/chapter/general-sa-training-procedures,General SA Training & Procedures
https://bookstack.cci.drexel.edu/books/sa-manual/page/on-campus-sa-manual,On-Campus SA Manual
https://bookstack.cci.drexel.edu/books/sa-manual/page/helpdesk-operations,Helpdesk Operations
https://bookstack.cci.drexel.edu/books/sa-manual/page/creating-a-new-view-in-remedyforce,Creating a new View in RemedyForce
https://bookstack.cci.drexel.edu/books/sa-manual/page/vip-cci-end-users,VIP CCI End Users
https://bookstack.cci.drexel.edu/books/sa-manual/page/sa-classroom-av-training,SA Classroom AV Training
https://bookstack.cci.drexel.edu/books/sa-manual/page/9th-floor-area-door-procedure,9th Floor Area Door Procedure
https://bookstack.cci.drexel.edu/books/sa-manual/page/sa-basic-troubleshooting-thoughts,SA Basic Troubleshooting Thoughts
https://bookstack.cci.drexel.edu/books/sa-manual/page/basic-training,Basic Training
https://bookstack.cci.drexel.edu/books/sa-manual/page/daily-av-checklist,Daily AV checklist
https://bookstack.cci.drexel.edu/books/sa-manual/page/senior-sa-shift-duties,Senior SA Shift Duties
https://bookstack.cci.drexel.edu/books/sa-manual/page/1039-deans-boardroom-av-instructions,1039 Dean's Boardroom AV Instructions
https://bookstack.cci.drexel.edu/books/sa-manual/page/mcm-sccm-protocol-for-sas,MCM (SCCM) Protocol for SA's
https://bookstack.cci.drexel.edu/books/sa-manual/page/standard-closing-procedure-doors-and-classrooms-and-3d-printers,Standard Closing Procedure - Doors and Classrooms and 3D Printers
https://bookstack.cci.drexel.edu/books/sa-manual/page/quick-links-for-basic-imaging-deployment-post-deploy,"Quick Links For Basic Imaging, Deployment, & Post Deploy"
https://bookstack.cci.drexel.edu/books/sa-manual/page/syncing-wheniwork-with-phone-calendar,Syncing WhenIWork with Phone Calendar
https://bookstack.cci.drexel.edu/books/sa-manual/page/sa-policies-on-lateness-shift-swaps-absences-missed-shifts,"SA Policies on Lateness, Shift Swaps, Absences, Missed Shifts"
https://bookstack.cci.drexel.edu/books/sa-manual/chapter/dos-donts-and-how-tos,"Do's, Don'ts, and How-To's"
https://bookstack.cci.drexel.edu/books/sa-manual/page/shift-coverage-swaps-and-absences,"Shift Coverage, Swaps, and Absences"
https://bookstack.cci.drexel.edu/books/sa-manual/page/food-drink-in-cci-commons,Food & Drink in CCI Commons
https://bookstack.cci.drexel.edu/books/sa-manual/page/homework-help-guidelines,Homework Help Guidelines
https://bookstack.cci.drexel.edu/books/sa-manual/page/phone-etiquette-for-sas,Phone Etiquette for SAs
https://bookstack.cci.drexel.edu/books/sa-manual/page/equipment-moving,Equipment Moving
https://bookstack.cci.drexel.edu/books/sa-manual/page/equipment-processing-storage,Equipment Processing & Storage
https://bookstack.cci.drexel.edu/books/sa-manual/page/shift-task-list-cci-commons-task-list-in-planner,Shift Task List: CCI-Commons Task List in Planner
https://bookstack.cci.drexel.edu/books/sa-manual/page/facilities-repair-request,Facilities Repair Request
https://bookstack.cci.drexel.edu/books/sa-manual/page/cardboard-box-recycling,Cardboard Box Recycling
https://bookstack.cci.drexel.edu/books/sa-manual/page/phone-voicemail,Phone Voicemail
https://bookstack.cci.drexel.edu/books/sa-manual/page/locks-in-podium,Locks in Podium
https://bookstack.cci.drexel.edu/books/sa-manual/page/quick-dos-and-donts-for-sas,Quick Do's and Don't's for SA's
https://bookstack.cci.drexel.edu/books/sa-manual/page/setting-up-office-phones,Setting up office phones
https://bookstack.cci.drexel.edu/books/sa-manual/chapter/team-communication,Team Communication
https://bookstack.cci.drexel.edu/books/sa-manual/page/channels-and-notifications,Channels and Notifications
https://bookstack.cci.drexel.edu/books/sa-manual/page/rememberthis-bot-usage,RememberThis Bot Usage
https://bookstack.cci.drexel.edu/books/sa-manual/page/sa-contact-list,SA Contact List
https://bookstack.cci.drexel.edu/books/sa-manual/page/joining-our-teams-video-meetings,Joining our teams video meetings
https://bookstack.cci.drexel.edu/books/sa-manual/chapter/tickets-emails,Tickets & Emails
https://bookstack.cci.drexel.edu/books/sa-manual/page/assigning-tickets-to-full-timers-in-remedyforce,Assigning Tickets to Full-Timers in RemedyForce
https://bookstack.cci.drexel.edu/books/sa-manual/page/creating-tickets-in-remedyforce,Creating Tickets in RemedyForce
https://bookstack.cci.drexel.edu/books/sa-manual/page/handling-tickets-in-remedyforce,Handling Tickets in RemedyForce
https://bookstack.cci.drexel.edu/books/sa-manual/page/steps-for-common-tickets-in-remedyforce,Steps for Common Tickets in RemedyForce
https://bookstack.cci.drexel.edu/books/sa-manual/page/creating-outlook-filters-for-remedyforce-ticketsemails,Creating Outlook filters for RemedyForce tickets/emails
https://bookstack.cci.drexel.edu/books/sa-manual/page/tickets-about-ssl-certificate,Tickets about SSL Certificate
https://bookstack.cci.drexel.edu/books/sa-manual/page/tickets-transferred-from-duit-as-wav-file-attachments,Tickets Transferred from DUIT as wav file attachments
https://bookstack.cci.drexel.edu/books/sa-manual/page/connecting-to-cci-oracle-servers-%28sql-developer-mysql-cli-oracle-xpress%29,"Connecting to CCI Oracle Servers (SQL Developer, mySQL CLI, Oracle Xpress)"
https://bookstack.cci.drexel.edu/books/sa-manual/page/transfer-ticket-to-duit-and-group-email-protocol,Transfer ticket to DUIT and Group email protocol
https://bookstack.cci.drexel.edu/books/sa-manual/page/linking-tickets-in-remedy-force,Linking Tickets in Remedy Force
https://bookstack.cci.drexel.edu/books/sa-manual/page/using-the-short-description-column-filter-in-remedyforce,Using the Short Description Column Filter in Remedyforce
https://bookstack.cci.drexel.edu/books/sa-manual/page/loaner-return-email-template----see-also,Loaner Return Email Template -- See Also
https://bookstack.cci.drexel.edu/books/sa-manual/page/viewing-and-filtering-tickets-in-remedyforce,Viewing and Filtering Tickets in Remedyforce
https://bookstack.cci.drexel.edu/books/sa-manual/page/creating-a-ticket-in-remedy-force,Creating a ticket in Remedy Force
https://bookstack.cci.drexel.edu/books/sa-manual/page/rf-view-filtering-for-assigned-tickets,RF View filtering for Assigned Tickets
https://bookstack.cci.drexel.edu/books/sa-manual/page/tickets-about-access-to-drexel-connect-mfa-help-password-reset-and-mfa-reset,"Tickets about Access to Drexel Connect, MFA Help, Password Reset, and MFA Reset"
https://bookstack.cci.drexel.edu/books/sa-manual/page/handling-college-of-computing-informatics-event-request-form-tickets,Handling College of Computing & Informatics Event Request Form tickets
https://bookstack.cci.drexel.edu/books/sa-manual/page/guide-installing-tampermonkey-and-uploading-scripts,Guide: Installing Tampermonkey and Uploading Scripts
https://bookstack.cci.drexel.edu/books/sa-manual/page/tampermonkey-auto-update-troubleshooting-guide,Tampermonkey Auto-Update Troubleshooting Guide
https://bookstack.cci.drexel.edu/books/sa-manual/chapter/tux-issues,Tux Issues
https://bookstack.cci.drexel.edu/books/sa-manual/page/tux-ticket-protocol,Tux Ticket Protocol
https://bookstack.cci.drexel.edu/books/sa-manual/page/tux-overwritten-file-recovery,Tux Overwritten File Recovery
https://bookstack.cci.drexel.edu/books/sa-manual/page/tux-account-verification-script,Tux Account Verification Script
https://bookstack.cci.drexel.edu/books/sa-manual/page/changing-default-shell-in-tux,Changing default shell in Tux
https://bookstack.cci.drexel.edu/books/sa-manual/page/tux---e514-write-error-%28file-system-full%29,Tux - E514: write error (file system full?)
https://bookstack.cci.drexel.edu/books/sa-manual/chapter/snipe-it,Snipe-It
https://bookstack.cci.drexel.edu/books/sa-manual/page/snipe-it,Snipe-IT
https://bookstack.cci.drexel.edu/books/sa-manual/page/getting-the-asset-list-in-csv-file-and-checking-for-duplicates,Getting the asset list in CSV file and checking for duplicates
https://bookstack.cci.drexel.edu/books/sa-manual/page/asset-checkoutcheck-in-instructions,Asset Checkout/Check-in Instructions
https://bookstack.cci.drexel.edu/books/sa-manual/page/snipe-it-device-status,Snipe-IT Device Status
https://bookstack.cci.drexel.edu/books/sa-manual/page/adding-snipe-it-users,Adding Snipe-IT Users
https://bookstack.cci.drexel.edu/books/sa-manual/chapter/loaner-equipment,Loaner Equipment
https://bookstack.cci.drexel.edu/books/sa-manual/page/loaner-laptops-if-10-or-more-are-needed,Loaner Laptops if 10 or More are Needed
https://bookstack.cci.drexel.edu/books/sa-manual/page/loaner-laptop-setup-procedure-for-faculty-staff-and-students,"Loaner Laptop Setup Procedure for Faculty, Staff, and Students"
https://bookstack.cci.drexel.edu/books/sa-manual/page/snipe-it-loaner-equipment-protocols----short-term-long-term,Snipe-It Loaner Equipment Protocols -- Short Term & Long Term
https://bookstack.cci.drexel.edu/books/sa-manual/page/template-for-loaner-return-emails,Template for Loaner Return Emails.
https://bookstack.cci.drexel.edu/books/sa-manual/page/snipe-it-end-of-day-review-for-items-not-checked-in,Snipe-It End of Day Review for Items Not Checked In
https://bookstack.cci.drexel.edu/books/sa-manual/chapter/packages,Packages
https://bookstack.cci.drexel.edu/books/sa-manual/page/packages-overview,Packages Overview
https://bookstack.cci.drexel.edu/books/sa-manual/page/cleaning-up-the-packages-excel-sheet,Cleaning up the Packages Excel Sheet
https://bookstack.cci.drexel.edu/books/sa-manual/chapter/lost-found,Lost & Found
https://bookstack.cci.drexel.edu/books/sa-manual/page/lost-found-overview,Lost & Found Overview
https://bookstack.cci.drexel.edu/books/sa-manual/page/cleaning-up-the-lost-and-found,Cleaning Up the Lost and Found
https://bookstack.cci.drexel.edu/books/sa-manual/page/dps-lost-and-found,DPS Lost and Found
https://bookstack.cci.drexel.edu/books/sa-manual/chapter/wagtail-%28supportccidrexeledu%29-or-cci-support-documentation,Wagtail (support.cci.drexel.edu) or CCI Support Documentation
https://bookstack.cci.drexel.edu/books/sa-manual/page/how-to-use-wagtail-or-supportccidrexeledu,How To Use Wagtail or support.cci.drexel.edu
https://bookstack.cci.drexel.edu/books/sa-manual/page/converting-edit-links-to-live-links-%28script%29,Converting edit links to live links (script)
https://bookstack.cci.drexel.edu/books/sa-manual/page/replacing-docscci-links-with-wagtail,Replacing docs.cci links with Wagtail
https://bookstack.cci.drexel.edu/books/sa-manual/page/internal-links-vs-external-links-%28wagtail-and-bookstack%29,Internal Links vs External Links (Wagtail and BookStack)
https://bookstack.cci.drexel.edu/books/sa-manual/page/fixing-format-of-cci-support-wagtail-pages,Fixing Format of CCI Support Wagtail Pages
https://bookstack.cci.drexel.edu/books/sa-manual/page/pasting-wagtail-migration-script-output,Pasting Wagtail migration script output
https://bookstack.cci.drexel.edu/books/sa-manual/chapter/misc-documentation,Misc. Documentation
https://bookstack.cci.drexel.edu/books/sa-manual/page/cci-commons-github,CCI Commons Github
https://bookstack.cci.drexel.edu/books/sa-manual/page/how-to-find-a-windows-serial-number,How to find a Windows serial number
https://bookstack.cci.drexel.edu/books/sa-manual/page/adding-content-from-one-bookstack-page-to-another,Adding Content from one Bookstack Page to another
https://bookstack.cci.drexel.edu/books/sa-manual/page/microsoft-teams-sharing-screen-on-android,Microsoft Teams Sharing Screen on Android
https://bookstack.cci.drexel.edu/books/sa-manual/page/nvivo-troubleshooting,NVivo Troubleshooting
https://bookstack.cci.drexel.edu/books/sa-manual/page/closing-divider-panels-in-1054-and-1055-classrooms,Closing Divider Panels in 1054 and 1055 Classrooms
https://bookstack.cci.drexel.edu/books/sa-manual/page/classroom-chair-count-master-list,Classroom Chair Count Master List
https://bookstack.cci.drexel.edu/books/sa-manual/page/fixing-timesheets,Fixing timesheets
https://bookstack.cci.drexel.edu/books/sa-manual/page/bookstack-documentation-formatting-guidelines,Bookstack Documentation Formatting Guidelines
https://bookstack.cci.drexel.edu/books/sa-manual/page/shipping-and-receiving-packages----sa-manual,Shipping and Receiving Packages -- SA Manual
https://bookstack.cci.drexel.edu/books/sa-manual/page/how-to-compresszip-files-on-windowsmac,How to compress/zip files on Windows/Mac
https://bookstack.cci.drexel.edu/books/sa-manual/page/voicemail-password-reset,Voicemail Password Reset
https://bookstack.cci.drexel.edu/books/sa-manual/page/how-to-export-and-archive-old-sa-meeting-notes,How to export and archive old SA Meeting Notes
https://bookstack.cci.drexel.edu/books/sa-manual/page/guest-dragoncard-protocol,Guest DragonCard Protocol
https://bookstack.cci.drexel.edu/books/sa-manual/page/identifying-cords,Identifying Cords
https://bookstack.cci.drexel.edu/books/sa-manual/page/key-lockbox-for-master-key---reset-combination,Key Lockbox for Master Key - Reset Combination
https://bookstack.cci.drexel.edu/books/sa-manual/page/remedyforce-ticket-transfers-non-cci-it-tickets,RemedyForce Ticket Transfers & Non-CCI IT Tickets
https://bookstack.cci.drexel.edu/books/sa-manual/page/fridge-defrosting,Fridge Defrosting
https://bookstack.cci.drexel.edu/books/sa-manual/page/natamilitary-phonetic-alphabet,NATA/Military Phonetic Alphabet
https://bookstack.cci.drexel.edu/books/sa-manual/page/excel-filtering,Excel Filtering
https://bookstack.cci.drexel.edu/books/sa-manual/page/cabinet-inventory,Cabinet Inventory
https://bookstack.cci.drexel.edu/books/sa-manual/page/rdp-username-password,RDP Username & Password
https://bookstack.cci.drexel.edu/books/sa-manual/page/sa-name-tags,SA Name Tags
https://bookstack.cci.drexel.edu/books/sa-manual/page/9th-floor-projector-checktroubleshooting,9th Floor Projector Check/Troubleshooting
https://bookstack.cci.drexel.edu/books/sa-manual/page/labelwriter-450-twin-turbo-troubleshooting,LabelWriter 450 Twin Turbo Troubleshooting
https://bookstack.cci.drexel.edu/books/sa-manual/page/loaner-laptop-cleanup,Loaner Laptop Cleanup
https://bookstack.cci.drexel.edu/books/sa-manual/page/handling-access-denied-error-on-cci-course-assistant-applications,"Handling ""Access Denied"" Error on CCI Course Assistant Applications"
https://bookstack.cci.drexel.edu/books/sa-manual/page/dragoncard-or-drexel-card-swipe-issues-qr-code-mini-poster,DragonCard or Drexel Card Swipe Issues QR Code & Mini Poster
https://bookstack.cci.drexel.edu/books/sa-manual/page/qualtrics-form-link-for-10th-floor-lobby-front-desk-sign-in-computer,Qualtrics Form Link for 10th Floor Lobby Front Desk Sign-In Computer
https://bookstack.cci.drexel.edu/books/sa-manual/chapter/excel-scripting,Excel Scripting
https://bookstack.cci.drexel.edu/books/sa-manual/page/sending-excel-events-data-to-email-via-power-automate,Sending Excel Events Data to Email via Power Automate
https://bookstack.cci.drexel.edu/books/sa-manual/page/back-up-windows-laptop-using-vhd-images,Back Up Windows Laptop using VHD Images
https://bookstack.cci.drexel.edu/books/sa-manual/chapter/archive-for-sa-manual,Archive for SA Manual
https://bookstack.cci.drexel.edu/books/sa-manual/page/old-clc-tablet,OLD CLC Tablet
https://bookstack.cci.drexel.edu/books/sa-manual/page/old-unlocking-the-cci-commons,OLD Unlocking the CCI Commons
https://bookstack.cci.drexel.edu/books/sa-manual/page/old-accessing-loanshark,OLD Accessing Loanshark
https://bookstack.cci.drexel.edu/books/sa-manual/page/old-sas-job-description,OLD SA's Job Description
https://bookstack.cci.drexel.edu/books/sa-manual/page/helpful-linksinstructions-for-tech-support,Helpful links/instructions for Tech Support
https://bookstack.cci.drexel.edu/books/sa-manual/page/old-add-a-new-device-to-loanshark,OLD Add a New Device to Loanshark
https://bookstack.cci.drexel.edu/books/sa-manual/page/old---check-status-of-imagingdeployment-windows-version,OLD - Check Status of Imaging/Deployment & Windows version
https://bookstack.cci.drexel.edu/books/sa-manual/page/old-loanshark-displaying-wrong-info,OLD Loanshark Displaying Wrong Info
https://bookstack.cci.drexel.edu/books/sa-manual/page/%28archived%29-sa-basic-troubleshooting-ideas-to-try,(ARCHIVED) SA Basic Troubleshooting Ideas to Try
https://bookstack.cci.drexel.edu/books/sa-manual/page/old-loanshark---set-up-new-win-pc-to-print-to-usb-dymo-label-printer,OLD Loanshark - Set Up New Win PC to Print to USB Dymo Label Printer
https://bookstack.cci.drexel.edu/books/sa-manual/page/old-shift-summary,OLD Shift Summary
https://bookstack.cci.drexel.edu/books/sa-manual/page/old-co-op-half-days-in-the-summer,OLD CO-OP Half Days in the Summer
https://bookstack.cci.drexel.edu/books/sa-manual/page/1st-week-1st-floor-card-swipe-duty,1st Week 1st Floor Card Swipe Duty
https://bookstack.cci.drexel.edu/books/sa-manual/page/open-positions-or-job-inquiry-response-template-for-working-at-cci-commons,Open Positions or Job Inquiry Response Template for Working at CCI Commons
https://bookstack.cci.drexel.edu/books/av-cynap-classrooms-meeting-rooms/page/amp-portable---denon-envoi-go-portable-pa-or-amp-system,Amp Portable - Denon Envoi Go Portable PA or Amp System
https://bookstack.cci.drexel.edu/books/av-cynap-classrooms-meeting-rooms/page/av-help-in-outside-of-cci-classrooms,AV Help in Outside of CCI Classrooms
https://bookstack.cci.drexel.edu/books/av-cynap-classrooms-meeting-rooms/page/3675-meeting-room-displays---preferred-settings,3675 Meeting Room Displays - Preferred Settings
https://bookstack.cci.drexel.edu/books/av-cynap-classrooms-meeting-rooms/page/monitor-not-displaying-in-classroom,Monitor not displaying in classroom
https://bookstack.cci.drexel.edu/books/av-cynap-classrooms-meeting-rooms/chapter/cynaps,Cynaps
https://bookstack.cci.drexel.edu/books/av-cynap-classrooms-meeting-rooms/page/out-of-date-basics---cci-classroom-technology-and-cynap-use-in-3675-market-street,OUT OF DATE Basics - CCI Classroom Technology and Cynap Use in 3675 Market Street
https://bookstack.cci.drexel.edu/books/av-cynap-classrooms-meeting-rooms/page/1193-and-all-other-cci-meeting-rooms-hdmi-ports-and-cords-for-display-auto-switching,1193 and all Other CCI Meeting Rooms HDMI ports and cords for Display Auto-Switching
https://bookstack.cci.drexel.edu/books/av-cynap-classrooms-meeting-rooms/page/classroom-cynap-airplay-ios-or-macos-wireless-connection-troubleshooting,Classroom Cynap Airplay iOS or macOS Wireless Connection Troubleshooting
https://bookstack.cci.drexel.edu/books/av-cynap-classrooms-meeting-rooms/page/changing-settings-on-podium-fans-in-classrooms,Changing Settings on Podium Fans in Classrooms
https://bookstack.cci.drexel.edu/books/av-cynap-classrooms-meeting-rooms/page/classroom-privacy-audio-controls-check-for-echo360-and-zoom,Classroom Privacy & Audio Controls Check for Echo360 and Zoom
https://bookstack.cci.drexel.edu/books/av-cynap-classrooms-meeting-rooms/page/podium-setup-information,Podium Setup Information
https://bookstack.cci.drexel.edu/books/azure-dev-tools-or-elms-fusion-or-imagine/page/vmware-via-elms-or-onthehubcom,VMWare via ELMS or onthehub.com
https://bookstack.cci.drexel.edu/books/azure-dev-tools-or-elms-fusion-or-imagine/page/microsoft-azure-%22unable-to-confirm-your-university-id%22,"Microsoft Azure ""Unable to confirm your University ID"""
https://bookstack.cci.drexel.edu/books/azure-dev-tools-or-elms-fusion-or-imagine/page/microsoft-azure-dev-tools,Microsoft Azure Dev-Tools
https://bookstack.cci.drexel.edu/books/blackboard/page/all-blackboard-learn-documentation-is-at,All Blackboard Learn documentation is at...
https://bookstack.cci.drexel.edu/books/blackboard/page/cci-internship-or-capstone-section-questions-in-bblearn,CCI Internship or Capstone Section Questions in BBLearn
https://bookstack.cci.drexel.edu/books/bb-collaborate-ultra/page/bb-collaborate-ultra,Bb Collaborate Ultra
https://bookstack.cci.drexel.edu/books/crashplan/page/crashplan-installation-or-update,CrashPlan Installation or Update
https://bookstack.cci.drexel.edu/books/crashplan/page/crashplan-clear-user-if-wrong-user-logged-in-for-backup,CrashPlan Clear User if Wrong User Logged In for Backup
https://bookstack.cci.drexel.edu/books/crashplan/page/crashplan-deactivate-device-backup-for-icommonscrc-acct,CrashPlan Deactivate Device Backup for iCommonsCRC Acct
https://bookstack.cci.drexel.edu/books/crashplan/page/crashplan-deactivate-device-backup-for-user-opting-out,CrashPlan Deactivate Device Backup for User Opting Out
https://bookstack.cci.drexel.edu/books/crashplan/page/crashplan-cli-command-line-interface-logs,CrashPlan CLI Command Line Interface & Logs
https://bookstack.cci.drexel.edu/books/crashplan/page/crashplan-license-cancellation,CrashPlan License Cancellation
https://bookstack.cci.drexel.edu/books/crashplan/page/crashplan-not-showing-up-in-software-center,Crashplan not showing up in Software Center
https://bookstack.cci.drexel.edu/books/crashplan/page/uninstalling-crashplan-through-uninstallapp,Uninstalling Crashplan through Uninstall.app
https://bookstack.cci.drexel.edu/books/crashplan/page/restore-files-from-code42-crashplan,Restore files from Code42 CrashPlan
https://bookstack.cci.drexel.edu/books/crashplan/page/getting-files-restored-from-code42-crashplan,Getting files restored from Code42 Crashplan
https://bookstack.cci.drexel.edu/books/crashplan/page/users-allowed-to-have-code42-crashplan,Users allowed to have Code42 CrashPlan
https://bookstack.cci.drexel.edu/books/echo360/page/checking-live-streams-in-echo360,Checking Live Streams in Echo360
https://bookstack.cci.drexel.edu/books/echo360/page/all-public-cci-echo360-docs-are-at,All Public CCI Echo360 Docs are at...
https://bookstack.cci.drexel.edu/books/echo360/page/checking-microphones-for-echo360,Checking Microphones for Echo360
https://bookstack.cci.drexel.edu/books/echo360/page/echo360---setting-up-new-safecapture-hd-or-schd-devices,Echo360 - Setting up New SafeCapture HD or SCHD Devices
https://bookstack.cci.drexel.edu/books/echo360/page/how-to-schedule-a-recording-on-echo360,How to schedule a recording on Echo360
https://bookstack.cci.drexel.edu/books/echo360/page/how-to-set-up-echo360-pod-devices,How to set-up Echo360 POD devices
https://bookstack.cci.drexel.edu/books/email-email-client-help/page/blocked-email,Blocked Email
https://bookstack.cci.drexel.edu/books/email-email-client-help/page/encrypted-email-send,"Encrypted Email, Send"
https://bookstack.cci.drexel.edu/books/email-email-client-help/page/group-email-accounts,Group Email Accounts
https://bookstack.cci.drexel.edu/books/email-email-client-help/page/send-not-read-email,"Send, not read Email"
https://bookstack.cci.drexel.edu/books/email-email-client-help/page/default-email-client-on-mac-changing,"Default email client on Mac, changing"
https://bookstack.cci.drexel.edu/books/email-email-client-help/page/thunderbird-for-office365,Thunderbird for Office365
https://bookstack.cci.drexel.edu/books/linux/page/linux-%28ubuntu%29---create-local-accounts,Linux (Ubuntu) - Create local accounts
https://bookstack.cci.drexel.edu/books/linux/page/linux-boot-loader-fix-for-partition,Linux Boot Loader Fix for Partition
https://bookstack.cci.drexel.edu/books/linux/page/linux-account-troubleshooting,Linux Account Troubleshooting
https://bookstack.cci.drexel.edu/books/linux/page/oracle-or-linux-or-sql-account-troubleshooting---help-with-linuxischooldrexeledu,Oracle or Linux or SQL Account Troubleshooting - Help with linux.ischool.drexel.edu
https://bookstack.cci.drexel.edu/books/linux/page/creating-an-ubuntu-boot-drive-on-windows,Creating an Ubuntu boot drive on Windows
https://bookstack.cci.drexel.edu/books/linux/page/linux-dual-boot-installation,Linux Dual-Boot Installation
https://bookstack.cci.drexel.edu/books/linux/page/kali-linux,Kali Linux
https://bookstack.cci.drexel.edu/books/linux/page/linux-oracle-gui-config,Linux Oracle GUI Config
https://bookstack.cci.drexel.edu/books/linux/page/error-during-boot-please-unlock-disk-linux-ubuntu,Error during Boot - Please unlock disk ***** (Linux Ubuntu)
https://bookstack.cci.drexel.edu/books/mac/chapter/mac-deployment-or-imaging-or-reinstalling-os,Mac Deployment or Imaging or Reinstalling OS
https://bookstack.cci.drexel.edu/books/mac/page/deploying-a-new-mac,Deploying a New Mac
https://bookstack.cci.drexel.edu/books/mac/page/re-imaging-and-re-deploying-a-mac,Re-Imaging and Re-Deploying a Mac
https://bookstack.cci.drexel.edu/books/mac/page/active-directory-ou----adding-machines-to-ou,Active Directory & OU -- Adding Machines to OU
https://bookstack.cci.drexel.edu/books/mac/page/naming-and-re-naming-a-mac-and-joining-a-mac-to-the-drexel-domain,Naming and Re-Naming a Mac and Joining a Mac to the Drexel Domain
https://bookstack.cci.drexel.edu/books/mac/page/icommonscrc-account-creation-on-a-mac---the-right-way,icommonscrc account creation on a Mac - the right way
https://bookstack.cci.drexel.edu/books/mac/page/icommonscrc-account-removal-on-a-mac---if-not-added-right,icommonscrc account removal on a Mac - if not added right
https://bookstack.cci.drexel.edu/books/mac/page/jamf---installing-self-service-for-mac,JAMF - Installing Self-Service for Mac
https://bookstack.cci.drexel.edu/books/mac/page/getting-sophos-safeguard-encryption-to-work-on-high-sierra---out-of-date,Getting Sophos Safeguard Encryption to work on High Sierra - OUT OF DATE
https://bookstack.cci.drexel.edu/books/mac/page/wiping-a-macs-image,Wiping a Mac's image
https://bookstack.cci.drexel.edu/books/mac/page/upgrading-macos,Upgrading macOS
https://bookstack.cci.drexel.edu/books/mac/page/view-logs-on-mac-%28jamflog-and-installlog%29,View logs on Mac (JAMF.log and Install.log)
https://bookstack.cci.drexel.edu/books/mac/page/sophos-safeguard-keyring-error-fix---out-of-date,Sophos Safeguard Keyring error fix - OUT OF DATE
https://bookstack.cci.drexel.edu/books/mac/page/creating-mac-usb-flash-drive,Creating Mac USB Flash Drive
https://bookstack.cci.drexel.edu/books/mac/page/uninstalling-jamf-self-service,Uninstalling JAMF Self Service
https://bookstack.cci.drexel.edu/books/mac/page/macos-filevault-encrypt-post-safeguard,MacOS FileVault Encrypt Post-SafeGuard
https://bookstack.cci.drexel.edu/books/mac/page/active-directory-ou----sccmmecm-ad-laps-jamf-and-jss-access-request-and-ad-group-membership,"Active Directory & OU -- SCCM/MECM, AD, LAPS, JAMF and JSS Access Request and AD Group Membership"
https://bookstack.cci.drexel.edu/books/mac/page/deploying-a-new-faculty-refresh-mac,Deploying a New Faculty Refresh Mac
https://bookstack.cci.drexel.edu/books/mac/page/mac-deploy-or-imaging-or-1st-time-login-cheat-sheets,Mac Deploy or Imaging or 1st Time Login Cheat Sheets
https://bookstack.cci.drexel.edu/books/mac/chapter/troubleshooting-mac,Troubleshooting Mac
https://bookstack.cci.drexel.edu/books/mac/page/bootable-installation-usb-flash-drive-for-mac,Bootable installation USB flash drive for Mac
https://bookstack.cci.drexel.edu/books/mac/page/quicktime---recovering-a-video---mac,QuickTime - Recovering a Video - Mac
https://bookstack.cci.drexel.edu/books/mac/page/setting-default-apps-on-a-mac,Setting default apps on a Mac
https://bookstack.cci.drexel.edu/books/mac/page/usb-a-ports-needed-on-new-macs-with-only-usb-c-ports,USB-A ports needed on new Macs with only USB-C ports
https://bookstack.cci.drexel.edu/books/mac/page/user-cannot-login-on-a-mac,User Cannot Login on a Mac
https://bookstack.cci.drexel.edu/books/mac/page/updating-to-mojave-on-a-mac-drexel-owned-or-managed-machine,Updating to Mojave on a Mac Drexel-Owned or Managed Machine
https://bookstack.cci.drexel.edu/books/mac/page/self-service-for-mac,Self Service for Mac
https://bookstack.cci.drexel.edu/books/mac/page/mac-mojave-10143---disappearing-cursor-for-some-users,Mac Mojave 10.14.3 - Disappearing Cursor for Some Users
https://bookstack.cci.drexel.edu/books/mac/page/abcs-of-mac-troubleshooting---all-on-one-page,ABC's of Mac Troubleshooting - All on One Page
https://bookstack.cci.drexel.edu/books/mac/page/mac----uninstalling-apps-or-drivers-fully,Mac -- Uninstalling Apps or Drivers Fully
https://bookstack.cci.drexel.edu/books/mac/page/mac-bluetooth-debug-menu,Mac Bluetooth Debug Menu
https://bookstack.cci.drexel.edu/books/mac/page/mac----unbinding,Mac -- Unbinding
https://bookstack.cci.drexel.edu/books/mac/page/mac----rebinding,Mac -- Rebinding
https://bookstack.cci.drexel.edu/books/mac/page/old----sophos-safeguard-and-endpoint-%22item-no-longer-available%22---out-of-date,"OLD -- Sophos Safeguard and Endpoint ""Item No Longer Available"" - OUT OF DATE"
https://bookstack.cci.drexel.edu/books/mac/page/uninstalling-sophos-endpoint---out-of-date,Uninstalling Sophos EndPoint - OUT OF DATE
https://bookstack.cci.drexel.edu/books/mac/page/mac-battery-not-charging-troublehooting,Mac battery not charging troublehooting
https://bookstack.cci.drexel.edu/books/mac/page/troubleshooting---stop-upgrade-notifications,Troubleshooting - stop upgrade notifications
https://bookstack.cci.drexel.edu/books/mac/page/microsoft-defender-mac-install,Microsoft Defender Mac Install
https://bookstack.cci.drexel.edu/books/mac/page/sophos-safeguard-install-on-big-sur---out-of-date,Sophos Safeguard install on Big Sur - OUT OF DATE
https://bookstack.cci.drexel.edu/books/mac/page/windows-keyboard-on-mac-shortcut-keys-or-alternate-keys,Windows keyboard on Mac shortcut keys or alternate keys
https://bookstack.cci.drexel.edu/books/mac/page/mac-usb-c-to-hdmi-with-usb-a-ports-satechi-adapter-or-dongle,Mac USB-C-to-HDMI with USB A ports SATECHI Adapter or Dongle
https://bookstack.cci.drexel.edu/books/mac/page/how-to-fix-command-shift-4-shortcut-not-working-on-macos,How to Fix Command Shift 4 Shortcut not Working on MacOS
https://bookstack.cci.drexel.edu/books/mac/page/update-to-big-sur-troubleshooting-tips,Update to Big Sur troubleshooting & tips
https://bookstack.cci.drexel.edu/books/mac/page/mac-backup,Mac Backup
https://bookstack.cci.drexel.edu/books/mac/page/mac-drexel-domain-user-account----password-changing-or-fixing,Mac Drexel Domain User Account -- Password Changing or Fixing
https://bookstack.cci.drexel.edu/books/mac/page/eul----system-monitor-for-mac,eul -- System Monitor for Mac
https://bookstack.cci.drexel.edu/books/mac/page/coconutbattery----battery-monitor-for-mac,coconutBattery -- Battery monitor for Mac
https://bookstack.cci.drexel.edu/books/mac/page/update-macos-after-sophos---out-of-date,Update MacOS after Sophos - OUT OF DATE
https://bookstack.cci.drexel.edu/books/mac/page/adding-securetokenownership-mac-issues,Adding SecureToken/Ownership Mac Issues
https://bookstack.cci.drexel.edu/books/mac/page/apple----contacting-for-repair-and-invoices,Apple -- Contacting for Repair and Invoices
https://bookstack.cci.drexel.edu/books/mac/page/troubleshooting-jamf-self-service,Troubleshooting Jamf Self Service
https://bookstack.cci.drexel.edu/books/mac/page/transfer-files-between-macs-using-target-disk-mode,Transfer Files between Macs using Target Disk Mode
https://bookstack.cci.drexel.edu/books/mac/chapter/carbon-copy-cloner,Carbon Copy Cloner
https://bookstack.cci.drexel.edu/books/mac/page/registering-for-carbon-copy-cloner,Registering for Carbon Copy Cloner
https://bookstack.cci.drexel.edu/books/mac/page/using-carbon-copy-cloner-to-backup-a-physical-drive,Using Carbon Copy Cloner to backup a physical drive
https://bookstack.cci.drexel.edu/books/mac/page/using-carbon-copy-cloner-to-backup-a-physical-mac,Using Carbon Copy Cloner to backup a physical Mac
https://bookstack.cci.drexel.edu/books/misc/chapter/account-troubleshooting,Account Troubleshooting
https://bookstack.cci.drexel.edu/books/misc/page/dunx1-set-up-help,DUNX1 set-up & help
https://bookstack.cci.drexel.edu/books/misc/page/matlab-password,Matlab Password
https://bookstack.cci.drexel.edu/books/misc/page/password-changing-for-drexel-accounts,Password Changing for Drexel Accounts
https://bookstack.cci.drexel.edu/books/misc/page/vmware-vcenter-or-vlab-or-vcenterccidrexeledu-and-vcl,VMware vCenter or vLAB or vcenter.cci.drexel.edu and VCL
https://bookstack.cci.drexel.edu/books/misc/chapter/adobe-acrobat-pro-dc-2020,Adobe Acrobat Pro DC 2020
https://bookstack.cci.drexel.edu/books/misc/page/adobe-acrobat-form-fix-for-drexel-hr-and-other-forms,Adobe Acrobat Form Fix for Drexel HR and Other Forms
https://bookstack.cci.drexel.edu/books/misc/page/create-adobe-digital-id-certificate-for-signatures,Create Adobe Digital ID Certificate for Signatures
https://bookstack.cci.drexel.edu/books/misc/page/create-and-save-adobe-signature,Create and Save Adobe Signature
https://bookstack.cci.drexel.edu/books/misc/page/delete-digital-id-certificate,Delete Digital ID Certificate
https://bookstack.cci.drexel.edu/books/misc/page/get-adobe-acrobat-pro-dc-license,Get Adobe Acrobat Pro DC License
https://bookstack.cci.drexel.edu/books/misc/page/how-to-use-digital-id-certificate,How to use Digital ID Certificate
https://bookstack.cci.drexel.edu/books/misc/page/request-signature-from-other-user-using-adobe-document-cloud,Request Signature from Other User using Adobe Document-cloud
https://bookstack.cci.drexel.edu/books/misc/chapter/cci-lab-misc,CCI Lab Misc.
https://bookstack.cci.drexel.edu/books/misc/page/av-system-illustrated-dictionary,AV System Illustrated Dictionary
https://bookstack.cci.drexel.edu/books/misc/page/clc-tv,CLC TV
https://bookstack.cci.drexel.edu/books/misc/page/epson-projectors-audio-misc-notes,Epson Projectors Audio Misc Notes
https://bookstack.cci.drexel.edu/books/misc/page/guest-policy-3675-mkt,Guest Policy @ 3675 MKT
https://bookstack.cci.drexel.edu/books/misc/page/icommons-hours-policies,"iCommons Hours, Policies"
https://bookstack.cci.drexel.edu/books/misc/page/laminator-use-instructions,Laminator Use Instructions
https://bookstack.cci.drexel.edu/books/misc/page/podium---auto-add-network-drives,Podium - auto add network drives
https://bookstack.cci.drexel.edu/books/misc/page/replacing-dymo-labelwriter-spool,Replacing Dymo LabelWriter Spool
https://bookstack.cci.drexel.edu/books/misc/page/stapler---un-jamreload-the-heavy-stapler,Stapler - Un-jam/Reload the Heavy Stapler
https://bookstack.cci.drexel.edu/books/misc/chapter/ccirepo,ccirepo
https://bookstack.cci.drexel.edu/books/misc/page/connect-to-drexel-shared-file-server----ipad,Connect to Drexel shared file server -- Ipad
https://bookstack.cci.drexel.edu/books/misc/page/shared-ccirepo----additional-file-paths-for-mike-galloway,Shared ccirepo -- Additional File Paths for Mike Galloway
https://bookstack.cci.drexel.edu/books/misc/page/shared-ccirepo-personal-ccirepo-and-web-server-file-space,"Shared ccirepo, Personal ccirepo, and Web Server File Space"
https://bookstack.cci.drexel.edu/books/misc/page/shared-ccirepo-personal-ccirepo-and-web-server-file-space----carl-drott,"Shared ccirepo, Personal ccirepo, and Web Server File Space -- Carl Drott"
https://bookstack.cci.drexel.edu/books/misc/page/wwwroot,wwwroot
https://bookstack.cci.drexel.edu/books/misc/chapter/drive-wipingreformatting,Drive Wiping/Reformatting
https://bookstack.cci.drexel.edu/books/misc/page/drive-reformatting,Drive Reformatting
https://bookstack.cci.drexel.edu/books/misc/page/grub-fixing-on-an-imaged-pc,GRUB fixing on an imaged PC
https://bookstack.cci.drexel.edu/books/misc/page/how-to-erase-a-hard-drive-using-dban,How to Erase a Hard Drive Using DBAN
https://bookstack.cci.drexel.edu/books/misc/page/raid-to-ahci-changing-on-a-dell,RAID to AHCI Changing on a Dell
https://bookstack.cci.drexel.edu/books/misc/page/wipe-hard-drives-with-mac,Wipe Hard Drives with Mac
https://bookstack.cci.drexel.edu/books/misc/page/wipe-hard-drives-with-windows,Wipe Hard Drives with Windows
https://bookstack.cci.drexel.edu/books/misc/page/wipe-or-secure-erase-with-dban-%28hdds%29-pmagic-%28ssds%29,Wipe or Secure Erase with DBAN (HDDs) / PMAGIC (SSDs)
https://bookstack.cci.drexel.edu/books/misc/page/wipe-or-secure-erase-with-dban-%28hirens-disc%29,Wipe or Secure Erase with DBAN (Hiren's Disc)
https://bookstack.cci.drexel.edu/books/misc/page/wipe-to-fix-any-drive-you-cannot-read,Wipe to Fix Any Drive You Cannot Read
https://bookstack.cci.drexel.edu/books/misc/page/drive-wipingdban-helpful-links,Drive Wiping/DBAN Helpful Links
https://bookstack.cci.drexel.edu/books/misc/page/how-to-wipe-sata-ssds-and-hds-with-hdparm,How to wipe SATA SSDs and HD's with HDPARM
https://bookstack.cci.drexel.edu/books/misc/chapter/githubgitlab,Github/Gitlab
https://bookstack.cci.drexel.edu/books/misc/page/git-issue-with-git-push-%28http-failed-to-auth%29,Git: Issue with Git Push (HTTP: Failed to Auth)
https://bookstack.cci.drexel.edu/books/misc/page/github-education-is-free-for-students,GitHub Education is free for students
https://bookstack.cci.drexel.edu/books/misc/page/gitlab-fix-for-%22access-denied%22-users,"Gitlab Fix for ""Access Denied"" Users"
https://bookstack.cci.drexel.edu/books/misc/page/gitlab-password,Gitlab Password
https://bookstack.cci.drexel.edu/books/misc/page/gitlab-mfa-%28end-user-cannot-find-it%29,GitLab MFA (End User cannot find it)
https://bookstack.cci.drexel.edu/books/misc/chapter/handheld-pinger,Handheld Pinger
https://bookstack.cci.drexel.edu/books/misc/page/pinger-plus-finding-ip-address,Pinger Plus+ & Finding IP Address
https://bookstack.cci.drexel.edu/books/misc/page/pinger-plus-handheld-jack-tester,Pinger Plus+ Handheld Jack Tester
https://bookstack.cci.drexel.edu/books/misc/chapter/internetvpn,Internet/VPN
https://bookstack.cci.drexel.edu/books/misc/page/alternative-to-cisco-openconnect-vpn-client,Alternative to Cisco OpenConnect VPN Client
https://bookstack.cci.drexel.edu/books/misc/page/cisco-anyconnect-vpn-shows-login-error-while-mfa-approves--or-keeps-loading,Cisco AnyConnect VPN shows login error while MFA approves- or keeps loading
https://bookstack.cci.drexel.edu/books/misc/page/dragonfly3----set-up-troubleshooting,Dragonfly3 -- Set-up & troubleshooting
https://bookstack.cci.drexel.edu/books/misc/page/internet-connection-troubleshooting,Internet Connection Troubleshooting
https://bookstack.cci.drexel.edu/books/misc/page/vpn---drexels-cisco-anyconnect-vpn-application-or-client,VPN - Drexel's Cisco AnyConnect VPN Application or Client
https://bookstack.cci.drexel.edu/books/misc/chapter/misc-troubleshooting,Misc Troubleshooting
https://bookstack.cci.drexel.edu/books/misc/page/android-studio-setup-troubleshooting-links,Android Studio Setup + Troubleshooting Links
https://bookstack.cci.drexel.edu/books/misc/page/banner-9-troubleshooting-a-bit-of-bannerweb,Banner 9 Troubleshooting & A Bit of Bannerweb
https://bookstack.cci.drexel.edu/books/misc/page/bluetooth-troubleshooting,Bluetooth troubleshooting
https://bookstack.cci.drexel.edu/books/misc/page/cs-account-troubleshooting,CS Account Troubleshooting
https://bookstack.cci.drexel.edu/books/misc/page/matterport---3d-virtual-reality-software,Matterport - 3D Virtual Reality Software
https://bookstack.cci.drexel.edu/books/misc/page/nolij-installation-and-troubleshooting,Nolij Installation and Troubleshooting
https://bookstack.cci.drexel.edu/books/misc/page/scanner-driver-troubleshooting-in-win-10,Scanner Driver Troubleshooting in Win 10
https://bookstack.cci.drexel.edu/books/misc/page/sophos-safeguard-error-on-remote-machines----one-solution---out-of-date,Sophos Safeguard Error on remote machines -- One solution - OUT OF DATE
https://bookstack.cci.drexel.edu/books/misc/page/telecommute-set-uptroubleshooting,Telecommute Set up/Troubleshooting
https://bookstack.cci.drexel.edu/books/misc/page/troubleshooting-cci-standard-desks,Troubleshooting CCI standard desks
https://bookstack.cci.drexel.edu/books/misc/page/jcb36n2a-110-model-uplift-standing-desk-troubleshooting,JCB36N2A-110 model UPLIFT standing desk troubleshooting
https://bookstack.cci.drexel.edu/books/misc/page/libguide-or-libguides-or-drexellislibappscom-or-springshare,LibGuide or LibGuides or drexellis.libapps.com or Springshare
https://bookstack.cci.drexel.edu/books/misc/chapter/osbrowser-specific-issues,OS/Browser Specific Issues
https://bookstack.cci.drexel.edu/books/misc/page/browser-extensions,Browser Extensions
https://bookstack.cci.drexel.edu/books/misc/page/csdrexeledu-webpages-and-edge,cs.drexel.edu webpages and Edge
https://bookstack.cci.drexel.edu/books/misc/page/flash-disabled-in-chrome-in-drexelone-or-banner-effort-report-certification-for-research-assistants,Flash Disabled in Chrome in DrexelOne or Banner Effort Report Certification for Research Assistants
https://bookstack.cci.drexel.edu/books/misc/page/google-chrome-87-type-in-commands,Google Chrome 87: Type in commands
https://bookstack.cci.drexel.edu/books/misc/page/java-exception-site-errors,Java Exception Site Errors
https://bookstack.cci.drexel.edu/books/misc/page/joining-to-domain,Joining to Domain
https://bookstack.cci.drexel.edu/books/misc/page/mapping-a-network-drive-in-chromeos,Mapping a Network Drive in ChromeOS
https://bookstack.cci.drexel.edu/books/misc/page/microsoft-remote-desktop-during-covid-19,Microsoft Remote Desktop During Covid-19
https://bookstack.cci.drexel.edu/books/misc/page/pdfs-not-displaying-properly-in-google-chrome,PDFs not displaying properly in Google Chrome
https://bookstack.cci.drexel.edu/books/misc/page/surface-dock-updater-instructions,Surface Dock Updater Instructions
https://bookstack.cci.drexel.edu/books/misc/chapter/software-installation,Software Installation
https://bookstack.cci.drexel.edu/books/misc/page/adobe-acrobat-pro-dc---install-troubleshooting,Adobe Acrobat Pro DC - Install + Troubleshooting
https://bookstack.cci.drexel.edu/books/misc/page/arcgis,ArcGIS
https://bookstack.cci.drexel.edu/books/misc/page/bamboo-connection-to-mac-big-sur,Bamboo connection to Mac Big Sur
https://bookstack.cci.drexel.edu/books/misc/page/beyondtrust-or-bomgar,BeyondTrust or Bomgar
https://bookstack.cci.drexel.edu/books/misc/page/bomgar-mac-remote-first-time-set-up,Bomgar Mac remote first-time set-up
https://bookstack.cci.drexel.edu/books/misc/page/coeus-installation,COEUS Installation
https://bookstack.cci.drexel.edu/books/misc/page/installing-eclipse-and-java,Installing Eclipse and Java
https://bookstack.cci.drexel.edu/books/misc/page/mac----bomgar-set-up-on-client-mac,Mac -- Bomgar set up on Client Mac
https://bookstack.cci.drexel.edu/books/misc/page/maple,Maple
https://bookstack.cci.drexel.edu/books/misc/page/nvivo-license-renewal---personal-computer,NVIVO License Renewal - Personal Computer
https://bookstack.cci.drexel.edu/books/misc/page/nvivo-software-installation,NVIVO Software Installation
https://bookstack.cci.drexel.edu/books/misc/page/openvista-cis-installing,OpenVista CIS Installing
https://bookstack.cci.drexel.edu/books/misc/page/virtualbox,VirtualBox
https://bookstack.cci.drexel.edu/books/misc/page/vmware-fusion-12-pro-installation-and-how-to-install-windows-iso-or-ubuntu-linux,VMware Fusion 12 Pro Installation and How to Install Windows ISO or Ubuntu Linux
https://bookstack.cci.drexel.edu/books/misc/chapter/uninstall-adobe-flash-player,Uninstall Adobe Flash Player
https://bookstack.cci.drexel.edu/books/misc/page/how-to-manually-uninstall-adobe-flash-player---mac,How to manually uninstall Adobe Flash Player - Mac
https://bookstack.cci.drexel.edu/books/misc/page/how-to-uninstall-flash-player-using-an-uninstaller---mac,How to uninstall Flash Player using an Uninstaller - Mac
https://bookstack.cci.drexel.edu/books/misc/page/chrome-os-or-chromium-os-installation-with-cloudready,Chrome OS or Chromium OS installation with CloudReady
https://bookstack.cci.drexel.edu/books/misc/page/emeritus-retired-professors,Emeritus & Retired Professors
https://bookstack.cci.drexel.edu/books/misc/page/how-to-use-xnresize,How to Use XnResize
https://bookstack.cci.drexel.edu/books/misc/page/huion-gt-191-kamvas-monitor-with-e-pen-troubleshooting-instructions,Huion GT-191 Kamvas *monitor* with e-pen troubleshooting instructions
https://bookstack.cci.drexel.edu/books/misc/page/international-travel-power-adapter,International Travel Power Adapter
https://bookstack.cci.drexel.edu/books/misc/page/new-wagtail-documentation-winter-2021-fall-2020,New Wagtail Documentation Winter 2021 & Fall 2020
https://bookstack.cci.drexel.edu/books/misc/page/privacy-and-data-surveillance-questions-at-drexel-university,Privacy and Data Surveillance Questions at Drexel University
https://bookstack.cci.drexel.edu/books/misc/page/proposal-tracking-system-%28pts%29,Proposal Tracking System (PTS)
https://bookstack.cci.drexel.edu/books/misc/page/qualtrics-survey,Qualtrics Survey
https://bookstack.cci.drexel.edu/books/misc/page/smart-drive-test-simple-and-detailed-%28for-hdds-ssds%29,SMART Drive Test Simple and Detailed (For HDDs & SSDs)
https://bookstack.cci.drexel.edu/books/misc/page/troublshooting-degreeworks-issues,Troublshooting Degreeworks issues
https://bookstack.cci.drexel.edu/books/misc/chapter/hyperion,Hyperion
https://bookstack.cci.drexel.edu/books/misc/page/hyperion-installation-and-use-instructions,Hyperion Installation and Use Instructions
https://bookstack.cci.drexel.edu/books/misc/page/card-swipe-access-stu-class-list-report---generate-from-hyperion,Card Swipe Access STU Class List Report - Generate from Hyperion
https://bookstack.cci.drexel.edu/books/misc/page/card-swipe-access-stu-class-list-report---generate-from-hyperion---folder-open-method,Card Swipe Access STU Class List Report - Generate from Hyperion - Folder Open Method
https://bookstack.cci.drexel.edu/books/misc/page/stu-term-master-schedule-report---generate-from-hyperion,STU Term-Master Schedule Report - Generate from Hyperion
https://bookstack.cci.drexel.edu/books/misc/page/stu-term-master-schedule-report-generate-from-hyperion-find-non-cci-classes,STU Term-Master Schedule Report - Generate from Hyperion - Find Non-CCI Classes
https://bookstack.cci.drexel.edu/books/misc/chapter/av-audio-bridge-event-set-up,AV Audio Bridge Event Set-up
https://bookstack.cci.drexel.edu/books/misc/page/guideline,Guideline
https://bookstack.cci.drexel.edu/books/misc/page/microsoft-surface-pen-troubleshooting,Microsoft Surface Pen Troubleshooting
https://bookstack.cci.drexel.edu/books/office-365/chapter/outlookoffice-365-misc,Outlook/Office 365 Misc
https://bookstack.cci.drexel.edu/books/office-365/page/advanced-threat-protection-atp-link-check-url,Advanced Threat Protection ATP Link Check URL
https://bookstack.cci.drexel.edu/books/office-365/page/excel-blank-pages,Excel blank pages
https://bookstack.cci.drexel.edu/books/office-365/page/microsoft-powerpoint---presenter-view,Microsoft PowerPoint - Presenter View
https://bookstack.cci.drexel.edu/books/office-365/page/outlook---delete-autofill-email-addresses-in-new-emails,Outlook - Delete Autofill Email Addresses in New Emails
https://bookstack.cci.drexel.edu/books/office-365/page/outlook---send-later-email-activation-for-mac,Outlook - Send Later Email activation for Mac
https://bookstack.cci.drexel.edu/books/office-365/page/outlookoffice-365-troubleshoot,Outlook/Office 365 Troubleshoot
https://bookstack.cci.drexel.edu/books/office-365/page/phishing-or-spam-or-scam,Phishing or Spam or Scam
https://bookstack.cci.drexel.edu/books/office-365/page/thunderbird-and-office-365,Thunderbird and Office 365
https://bookstack.cci.drexel.edu/books/office-365/chapter/plus-addressing,Plus addressing
https://bookstack.cci.drexel.edu/books/office-365/page/enable-plus-addressing-in-exchange-online,Enable Plus Addressing in Exchange online
https://bookstack.cci.drexel.edu/books/office-365/page/enable-plus-email-addresses-for-distribution-lists,Enable Plus Email Addresses for Distribution Lists
https://bookstack.cci.drexel.edu/books/office-365/page/how-to-use-plus-addressing-in-office-365,How to use Plus Addressing in Office 365?
https://bookstack.cci.drexel.edu/books/office-365/page/using-plus-addressing-in-exchange-online,Using Plus Addressing in Exchange Online
https://bookstack.cci.drexel.edu/books/office-365/page/what-is-plus-addressing,What is Plus addressing?
https://bookstack.cci.drexel.edu/books/office-365/page/change-2-factor-authentication-or-multifactor-authentication-for-office-365-drexel-email,Change 2 Factor Authentication or Multifactor Authentication for Office 365 Drexel Email
https://bookstack.cci.drexel.edu/books/office-365/page/microsoft-multifactor-authentication-%28mfa%29-the-authenticator-app-tips-for-both,"Microsoft Multifactor Authentication (MFA), the Authenticator App, & Tips for Both"
https://bookstack.cci.drexel.edu/books/office-365/page/outlook----findtime-or-scheduling-poll-or-scheduler,Outlook -- FindTime or Scheduling Poll or Scheduler
https://bookstack.cci.drexel.edu/books/office-365/page/office-365-and-thunderbird,Office 365 and Thunderbird
https://bookstack.cci.drexel.edu/books/office-365/page/office-365-help-for-faculty-staff,Office 365 Help for Faculty & Staff
https://bookstack.cci.drexel.edu/books/office-365/page/office-365-troubleshooting,Office 365 Troubleshooting
https://bookstack.cci.drexel.edu/books/office-365/page/open-cci-classroom-calendars-in-office365-outlook,Open CCI Classroom Calendars in Office365 Outlook
https://bookstack.cci.drexel.edu/books/office-365/page/open-cci-meeting-rooms-in-office365-outlook,Open CCI Meeting Rooms in Office365 Outlook
https://bookstack.cci.drexel.edu/books/office-365/page/teams-noftifications,Teams Noftifications
https://bookstack.cci.drexel.edu/books/office-365/page/windows-or-microsoft----fix-work-or-school-account-problem-error,Windows or Microsoft -- Fix work or school account problem error
https://bookstack.cci.drexel.edu/books/office-365/page/microsoft-support-and-recovery-assistant-%28sara%29---help-with-sign-in-issues,Microsoft Support and Recovery Assistant (SaRA) - Help with sign-in issues
https://bookstack.cci.drexel.edu/books/printers-printing/page/old-printer-setup-on-computers-for-faculty-and-staff,OLD Printer Setup on Computers for Faculty and Staff
https://bookstack.cci.drexel.edu/books/printers-printing/page/cci-commons-printer-setup-on-laptops-for-students,CCI Commons Printer Setup on Laptops for Students
https://bookstack.cci.drexel.edu/books/printers-printing/page/color-printing-for-students---send-to-tech-lounge,Color Printing for Students - Send to Tech Lounge
https://bookstack.cci.drexel.edu/books/printers-printing/chapter/poster-plotter-printer,Poster Plotter Printer
https://bookstack.cci.drexel.edu/books/printers-printing/page/overview---editing-and-printing-posters-from-hp-poster-plotter-printer---hp-designjet-t795,OVERVIEW - Editing and Printing Posters from HP Poster Plotter Printer - HP DesignJet T795
https://bookstack.cci.drexel.edu/books/printers-printing/page/facstaff-guidelines-for-poster-printer,Fac/Staff Guidelines for Poster Printer
https://bookstack.cci.drexel.edu/books/printers-printing/page/size-chart-for-poster-plotter-printer,Size Chart for Poster Plotter Printer
https://bookstack.cci.drexel.edu/books/printers-printing/page/poster-printing----regular-printing-and-if-scaling-up-to-poster-size-needed,Poster Printing -- Regular Printing and If Scaling Up to Poster Size Needed
https://bookstack.cci.drexel.edu/books/printers-printing/page/poster-printing----upscaling-images,Poster Printing -- Upscaling Images
https://bookstack.cci.drexel.edu/books/printers-printing/page/poster-printing-at-westphal-or-comad-or-urbn-college-of-media-arts-design,Poster Printing at Westphal or CoMAD or URBN College of Media Arts & Design
https://bookstack.cci.drexel.edu/books/printers-printing/page/dean%E2%80%99s-printer-toners,Dean’s Printer Toners
https://bookstack.cci.drexel.edu/books/printers-printing/page/printer-tonerpaper-inventory-form,Printer Toner/Paper Inventory Form
https://bookstack.cci.drexel.edu/books/printers-printing/page/error-undefined-offending-command-new,ERROR: undefined OFFENDING COMMAND: New
https://bookstack.cci.drexel.edu/books/printers-printing/chapter/advanced-printer-docs,Advanced Printer Docs
https://bookstack.cci.drexel.edu/books/printers-printing/page/printer-configuring,Printer Configuring
https://bookstack.cci.drexel.edu/books/printers-printing/page/printer-configuring---troubleshooting,Printer Configuring - Troubleshooting
https://bookstack.cci.drexel.edu/books/printers-printing/page/adding-printers-in-3675-market-through-iphostname,Adding Printers in 3675 Market Through IP/Hostname
https://bookstack.cci.drexel.edu/books/printers-printing/page/big-photocopier-printers,Big Photocopier Printers
https://bookstack.cci.drexel.edu/books/printers-printing/page/printer-two-sided-icommonsbw2,Printer Two-Sided iCommonsBW2
https://bookstack.cci.drexel.edu/books/printers-printing/page/canon-printer-ir-adv-password-reset,Canon Printer IR-ADV password reset
https://bookstack.cci.drexel.edu/books/printers-printing/page/canon-printer-ir-adv-firewall-setup,Canon Printer IR-ADV Firewall setup
https://bookstack.cci.drexel.edu/books/printers-printing/page/accessing-print-server-for-cci,Accessing Print Server for CCI
https://bookstack.cci.drexel.edu/books/printers-printing/page/icommons-angel-printer-script-v2,iCommons Angel Printer Script v2
https://bookstack.cci.drexel.edu/books/printers-printing/page/printer-securing,Printer Securing
https://bookstack.cci.drexel.edu/books/printers-printing/page/inet,INET
https://bookstack.cci.drexel.edu/books/printers-printing/page/two-sided-duplex-printing-for-windows-in-the-cci-commons-lab,Two Sided / Duplex printing for Windows in the CCI Commons Lab
https://bookstack.cci.drexel.edu/books/printers-printing/page/add-printers-to-stationary-cci-commons-lab-windows-machines,Add Printers to Stationary CCI Commons Lab Windows Machines
https://bookstack.cci.drexel.edu/books/printers-printing/page/fax-or-faxing-resources-at-drexel-or-drexel-cci,Fax or Faxing Resources at Drexel or Drexel CCI
https://bookstack.cci.drexel.edu/books/printers-printing/page/poster-printing-email-response,Poster Printing Email Response
https://bookstack.cci.drexel.edu/books/printers-printing/page/snipe-it-label-printing-on-dymo-labelwriter-450-twin-turbo,Snipe-IT Label Printing on Dymo LabelWriter 450 Twin Turbo
https://bookstack.cci.drexel.edu/books/printers-printing/page/fax-activity-log-from-ccicopiers,Fax Activity Log from CCICopiers
https://bookstack.cci.drexel.edu/books/printers-printing/page/adding-printers-to-jamf,Adding Printers to JAMF
https://bookstack.cci.drexel.edu/books/printers-printing/page/papercut-information,PaperCut Information
https://bookstack.cci.drexel.edu/books/printers-printing/page/name-tag-printing,Name Tag Printing
https://bookstack.cci.drexel.edu/books/printers-printing/page/label-printer,Label Printer
https://bookstack.cci.drexel.edu/books/sophos/page/anti-virus-or-endpoint,Anti-Virus or Endpoint
https://bookstack.cci.drexel.edu/books/sophos/page/anti-virus-endpoint---vulnerabilty-fix-macs---march-2019,Anti-Virus Endpoint - Vulnerabilty Fix Macs - March 2019
https://bookstack.cci.drexel.edu/books/sophos/page/encryption-upgrading,Encryption Upgrading
https://bookstack.cci.drexel.edu/books/sophos/page/encryption-upgrade---no-tpm-machine,Encryption Upgrade - no TPM machine
https://bookstack.cci.drexel.edu/books/sophos/page/encryption-upgrade---stuck-in-mbr,Encryption Upgrade - Stuck in MBR
https://bookstack.cci.drexel.edu/books/sophos/page/updating-to-high-sierra-on-mac-with-safeguard,Updating to High Sierra on Mac with Safeguard
https://bookstack.cci.drexel.edu/books/sophos/page/sophos-safeguard-encryption---getting-it-working-on-high-sierra---out-of-date,Sophos Safeguard Encryption - Getting it Working on High Sierra - OUT OF DATE
https://bookstack.cci.drexel.edu/books/sophos/page/encryption---sophos-safeguard---mac---error---failed-to-activate-disk-encryption---out-of-date,Encryption - Sophos SafeGuard - Mac - Error - Failed to Activate Disk Encryption - OUT OF DATE
https://bookstack.cci.drexel.edu/books/sophos/page/troubleshooting-sophos-safeguard-keyring-error---out-of-date,Troubleshooting Sophos Safeguard Keyring Error - OUT OF DATE
https://bookstack.cci.drexel.edu/books/sophos/page/uninstalling-sophos-safeguard-and-endpoint---out-of-date,Uninstalling Sophos Safeguard and Endpoint - OUT OF DATE
https://bookstack.cci.drexel.edu/books/sophos/page/uninstalling-sophos-safeguard-on-mac-and-windows,Uninstalling Sophos Safeguard on Mac and Windows
https://bookstack.cci.drexel.edu/books/windows/chapter/archive,Archive
https://bookstack.cci.drexel.edu/books/windows/page/domain---re-adding-a-windows-computer-to-the-domain,Domain - Re-adding a Windows computer to the domain
https://bookstack.cci.drexel.edu/books/windows/page/name-changing-on-existing-systems,Name Changing on Existing Systems
https://bookstack.cci.drexel.edu/books/windows/chapter/deploying-a-pc,Deploying a PC
https://bookstack.cci.drexel.edu/books/windows/page/auto-logout-inactive-user----cci-commons-printer-stations-and-lab-machines,Auto Logout Inactive User -- CCI Commons Printer Stations and Lab Machines
https://bookstack.cci.drexel.edu/books/windows/page/cmd-shortcut-for-power-off-on-cci-podiums-and-lab-machines-only,cmd shortcut for power off on CCI Podiums and Lab Machines Only
https://bookstack.cci.drexel.edu/books/windows/page/diskpart-fix-for-sccmmecm-issues-on-windows-10-computers,DISKPART Fix for SCCM/MECM issues on Windows 10 Computers
https://bookstack.cci.drexel.edu/books/windows/page/how-to-remove-a-user-who-has-admin-access-on-a-computer-after-imaging,How to Remove a User who has Admin Access on a Computer After Imaging
https://bookstack.cci.drexel.edu/books/windows/page/import-or-add-new-computer-into-sccmmecm,Import or Add New Computer into SCCM/MECM
https://bookstack.cci.drexel.edu/books/windows/page/laps-access,LAPS Access
https://bookstack.cci.drexel.edu/books/windows/page/laps-installuse-documentation---fat-client,LAPS Install/Use Documentation - Fat Client
https://bookstack.cci.drexel.edu/books/windows/page/naming-conventions-for-cci-computers,Naming Conventions for CCI Computers
https://bookstack.cci.drexel.edu/books/windows/page/remote-user-first-time-set-up-instructions,Remote User First Time Set-up Instructions
https://bookstack.cci.drexel.edu/books/windows/page/sccm---deploying-a-surface,SCCM - Deploying a Surface
https://bookstack.cci.drexel.edu/books/windows/page/sccm---log-files-and-cmtrace-when-sccm-or-mecm-imaging,SCCM - Log Files and cmtrace when SCCM or MECM Imaging
https://bookstack.cci.drexel.edu/books/windows/page/mcm-sccm-windows-imaging-and-post-deployment,MCM (SCCM) - Windows Imaging and Post-Deployment
https://bookstack.cci.drexel.edu/books/windows/page/sccm-variables---determining-device-type,SCCM Variables - Determining Device Type
https://bookstack.cci.drexel.edu/books/windows/page/setting-up-remote-desktop-user-for-tux-on-cci-lab-pcs,Setting up Remote Desktop User for Tux on CCI Lab PCs
https://bookstack.cci.drexel.edu/books/windows/page/logi-or-logitech-c920e-webcams-microphone-or-mic-activation,Logi or Logitech C920e Webcams Microphone or Mic Activation
https://bookstack.cci.drexel.edu/books/windows/page/post-deploy-checklists,Post Deploy Checklists
https://bookstack.cci.drexel.edu/books/windows/page/fixing-audio-issues-with-windows-loaner-laptop----3400,Fixing Audio Issues with Windows Loaner Laptop -- 3400
https://bookstack.cci.drexel.edu/books/windows/page/windows-useful-command-cmdexe-commons-for-sccm-imaging-post-deploy,"Windows Useful Command Cmd.exe Commons for SCCM, Imaging, Post-Deploy"
https://bookstack.cci.drexel.edu/books/windows/page/windows---is-this-sccm-imaged-or-post-deployed,Windows - Is this SCCM Imaged or Post-Deployed?
https://bookstack.cci.drexel.edu/books/windows/page/deploying-a-pc-imaging-1st-time-user-login-cheat-sheets,"Deploying a PC, Imaging, 1st Time User Login Cheat Sheets"
https://bookstack.cci.drexel.edu/books/windows/page/onedrive-for-mac-that-backups-to-documents-and-downloads,OneDrive for Mac that backups to Documents and Downloads
https://bookstack.cci.drexel.edu/books/windows/page/disabling-news-and-background-apps-on-windows-for-all-users,Disabling News and background apps on Windows for All Users
https://bookstack.cci.drexel.edu/books/windows/chapter/sccm---adding-new-software,SCCM - Adding New Software
https://bookstack.cci.drexel.edu/books/windows/page/add-a-powershell-script-to-sccm-task-sequence,Add a powershell script to SCCM Task Sequence
https://bookstack.cci.drexel.edu/books/windows/page/adding-an-application-to-sccm,Adding an application to SCCM
https://bookstack.cci.drexel.edu/books/windows/page/advanced-sccm---add-app-to-sccm,ADVANCED SCCM - Add App to SCCM
https://bookstack.cci.drexel.edu/books/windows/page/advanced-sccm---deploy-app-thru-software-center---2018,ADVANCED SCCM - Deploy App thru Software Center - 2018
https://bookstack.cci.drexel.edu/books/windows/page/advanced-sccm---deploy-software-center-thru-sccm---2018,ADVANCED SCCM - Deploy Software Center thru SCCM - 2018
https://bookstack.cci.drexel.edu/books/windows/page/image-creation---making-a-start-layout,Image Creation - Making a Start Layout
https://bookstack.cci.drexel.edu/books/windows/page/image-creation---putty-configs-for-lab-image,Image Creation - PuTTy Configs for Lab Image
https://bookstack.cci.drexel.edu/books/windows/page/software-list-for-new-loaner-laptops-%286252019%29,Software List for New Loaner Laptops (6/25/2019)
https://bookstack.cci.drexel.edu/books/windows/page/task-sequence-commands,Task Sequence commands
https://bookstack.cci.drexel.edu/books/windows/page/updating-application-in-sccm,Updating Application in SCCM
https://bookstack.cci.drexel.edu/books/windows/chapter/sccm-administration,SCCM Administration
https://bookstack.cci.drexel.edu/books/windows/page/advanced---sccm-training-notes-and-misc---2018,ADVANCED - SCCM Training Notes and Misc - 2018
https://bookstack.cci.drexel.edu/books/windows/page/advanced-sccm---create-task-sequence-boot-media-or-usb-flash-drive-in-sccm,ADVANCED SCCM - Create Task Sequence Boot Media or USB Flash Drive in SCCM
https://bookstack.cci.drexel.edu/books/windows/page/advanced-sccm---deleting-apps-using-sccm---2018,ADVANCED SCCM - Deleting Apps using SCCM - 2018
https://bookstack.cci.drexel.edu/books/windows/page/advanced-sccm---diagnose-task-sequence-errors-in-sccm---2018,ADVANCED SCCM - Diagnose Task Sequence Errors in SCCM - 2018
https://bookstack.cci.drexel.edu/books/windows/page/advanced-sccm---find-computer-ip-address-in-sccm,ADVANCED SCCM - Find Computer IP Address in SCCM
https://bookstack.cci.drexel.edu/books/windows/page/advanced-sccm---find-computer-name-by-ip-address-alone,ADVANCED SCCM - Find Computer Name by IP Address Alone
https://bookstack.cci.drexel.edu/books/windows/page/advanced-sccm---overview,ADVANCED SCCM - Overview
https://bookstack.cci.drexel.edu/books/windows/page/advanced-sccm---pre-reqs-basic-use-in-sccm---2018,ADVANCED SCCM - Pre-reqs & Basic Use in SCCM - 2018
https://bookstack.cci.drexel.edu/books/windows/page/advanced-sccm---remove-deployments-in-sccm---2018,ADVANCED SCCM - Remove Deployments in SCCM - 2018
https://bookstack.cci.drexel.edu/books/windows/page/advanced-sccm---software-center---manual-start-win-10-feature-updates-troubleshooting---2018,ADVANCED SCCM - Software Center - Manual Start Win 10 Feature Updates & Troubleshooting - 2018
https://bookstack.cci.drexel.edu/books/windows/page/duit-documentation,DUIT Documentation
https://bookstack.cci.drexel.edu/books/windows/page/how-to-email-duit-about-ad-issues,How to Email DUIT about AD issues:
https://bookstack.cci.drexel.edu/books/windows/page/advanced-sccm---membership-rules-devices-dropping-from-collections,ADVANCED SCCM - Membership Rules & Devices Dropping From Collections
https://bookstack.cci.drexel.edu/books/windows/chapter/sccm-client,SCCM Client
https://bookstack.cci.drexel.edu/books/windows/page/finding-in-windows---software-center,Finding in Windows - Software Center
https://bookstack.cci.drexel.edu/books/windows/page/install---software-center,Install - Software Center
https://bookstack.cci.drexel.edu/books/windows/page/troubleshooting---software-center,Troubleshooting - Software Center
https://bookstack.cci.drexel.edu/books/windows/page/%22powerpoint-needs-to-repair-the-ppt%22-fix,"""Powerpoint needs to repair the .ppt"" fix"
https://bookstack.cci.drexel.edu/books/windows/page/abcs-of-windows-troubleshooting---all-on-one-page,ABC's of Windows Troubleshooting - All on One Page
https://bookstack.cci.drexel.edu/books/windows/page/activating-windows,Activating Windows
https://bookstack.cci.drexel.edu/books/windows/page/bitlocker-fix----pc,Bitlocker Fix -- PC
https://bookstack.cci.drexel.edu/books/windows/page/bitlocker-key-recovery,Bitlocker Key Recovery
https://bookstack.cci.drexel.edu/books/windows/page/c-drive-not-accessible---snowbird-workaround,C Drive Not Accessible - Snowbird Workaround
https://bookstack.cci.drexel.edu/books/windows/page/create-provisioning-package-for-wiping-computers,Create Provisioning Package for Wiping Computers
https://bookstack.cci.drexel.edu/books/windows/page/defender-removing-sophos-endpoint-and-central-endpoint-anti-virus---out-of-date,Defender & Removing Sophos Endpoint and Central Endpoint Anti-Virus - OUT OF DATE
https://bookstack.cci.drexel.edu/books/windows/page/delete-sharedprofile-users,Delete SharedProfile Users
https://bookstack.cci.drexel.edu/books/windows/page/delprof2,Delprof2
https://bookstack.cci.drexel.edu/books/windows/page/deploy-the-new-provisioning-package,Deploy the New Provisioning Package
https://bookstack.cci.drexel.edu/books/windows/page/downgrade-to-windows-10-from-windows-11,Downgrade to Windows 10 from Windows 11
https://bookstack.cci.drexel.edu/books/windows/page/drive-mapping-issue-%22fix%22,"Drive Mapping Issue ""Fix"""
https://bookstack.cci.drexel.edu/books/windows/page/fix-missing-microsoft-updates-on-mac,Fix Missing Microsoft Updates on MAC
https://bookstack.cci.drexel.edu/books/windows/page/full-uninstall-of-windows-applications,Full Uninstall of Windows applications
https://bookstack.cci.drexel.edu/books/windows/page/how-to-find-a-windows-serial-number,How to find a Windows serial number
https://bookstack.cci.drexel.edu/books/windows/page/microsoft-defender-install-windows,Microsoft Defender Install Windows
https://bookstack.cci.drexel.edu/books/windows/page/microsoft-surface-troubleshooting-tips,Microsoft Surface Troubleshooting Tips
https://bookstack.cci.drexel.edu/books/windows/page/powerpoint---microsoft-downloaded-files-error,PowerPoint - Microsoft Downloaded Files Error
https://bookstack.cci.drexel.edu/books/windows/page/removing-provisioning-package,Removing Provisioning Package
https://bookstack.cci.drexel.edu/books/windows/page/removingdisabling-user-shutdown,Removing/Disabling User Shutdown
https://bookstack.cci.drexel.edu/books/windows/page/retrieving-files-from-windows-backup,Retrieving Files from Windows Backup
https://bookstack.cci.drexel.edu/books/windows/page/run-app-as-admin-or-different-without-logging-out,Run App as Admin or Different Without Logging Out
https://bookstack.cci.drexel.edu/books/windows/page/set-up-remote-access,Set up remote access
https://bookstack.cci.drexel.edu/books/windows/page/sign-in-as-guest,Sign in as Guest
https://bookstack.cci.drexel.edu/books/windows/page/split-screens,Split screens
https://bookstack.cci.drexel.edu/books/windows/page/start-menu-bug,Start Menu Bug
https://bookstack.cci.drexel.edu/books/windows/page/trust-relationship-login-error---windows-computers,Trust Relationship Login Error - Windows Computers
https://bookstack.cci.drexel.edu/books/windows/page/upgrade-windows-10-devices-using-sccm-software-center,Upgrade Windows 10 Devices using SCCM Software Center
https://bookstack.cci.drexel.edu/books/windows/page/usb-to-network-adapter-if-sccm-does-not-work-and-says-%22failed-to-find-valid-network-adapter%22-error,"USB-to-network adapter if SCCM does not work and says ""Failed to Find Valid Network Adapter"" error"
https://bookstack.cci.drexel.edu/books/windows/page/wifi-internet-or-web-speed-issues-at-home-or-apartment,WiFi Internet or Web Speed Issues at Home or Apartment
https://bookstack.cci.drexel.edu/books/windows/page/win-access-to-other-win-computer,Win access to other Win computer
https://bookstack.cci.drexel.edu/books/windows/page/windows---cannot-login-or-password-not-working-or-locked-out,Windows - Cannot Login or Password Not Working or Locked Out
https://bookstack.cci.drexel.edu/books/windows/page/windows-do-not-show-last-logged-in-user-always-show-other-user-on-lock-screen,Windows - Do Not Show Last Logged In User - Always Show Other User on Lock Screen
https://bookstack.cci.drexel.edu/books/windows/page/windows-10---renaming-user-folder,Windows 10 - Renaming user folder
https://bookstack.cci.drexel.edu/books/windows/page/windows-10---turn-off-touch-screen-or-touch-display,Windows 10 - turn off touch screen or touch display
https://bookstack.cci.drexel.edu/books/windows/page/windows-10-co-management,Windows 10 Co-Management
https://bookstack.cci.drexel.edu/books/windows/page/windows-10-licenses-for-drexel-students-faculty-and-staff,"Windows 10 Licenses for Drexel Students, Faculty, and Staff"
https://bookstack.cci.drexel.edu/books/windows/page/out-of-date-windows-10-update-fix---run-setupexe-in-iso-from-cci-teams,OUT OF DATE Windows 10 update fix - run setup.exe in ISO from CCI Teams
https://bookstack.cci.drexel.edu/books/windows/page/windows-10-update-master-page,Windows 10 Update Master Page
https://bookstack.cci.drexel.edu/books/windows/page/windows-backup-%28and-zip-for-exfat%29,Windows Backup (and ZIP for exFAT)
https://bookstack.cci.drexel.edu/books/windows/page/windows-10-backing-up-tinypcs-via-archive,Windows 10 Backing up TinyPCs via archive
https://bookstack.cci.drexel.edu/books/windows/page/delete-user-profile-in-windows,Delete User Profile In Windows
https://bookstack.cci.drexel.edu/books/windows/page/sunsetting-backup-bank-data,Sunsetting Backup Bank Data
https://bookstack.cci.drexel.edu/books/windows/page/windows-10---disable-auto-sleeplock-after-5-10-minutes,Windows 10 - DISABLE Auto Sleep/Lock after 5-10 minutes
https://bookstack.cci.drexel.edu/books/windows/page/windows-10-make-someone-an-administrator-on-a-drexel-computer,Windows 10 - Make Someone an Administrator on a Drexel Computer
https://bookstack.cci.drexel.edu/books/windows/page/windows-tweaking,Windows Tweaking
https://bookstack.cci.drexel.edu/books/windows/page/imaging-and-deploying-event-computers,Imaging and Deploying Event Computers
https://bookstack.cci.drexel.edu/books/windows/page/editing-custom-dism-images,Editing Custom DISM Images
https://bookstack.cci.drexel.edu/books/zoom/page/zoom-general-info,Zoom-General Info
https://bookstack.cci.drexel.edu/books/zoom/page/monitorjoin-multiple-zoom-sessions,Monitor/Join multiple Zoom sessions
https://bookstack.cci.drexel.edu/books/zoom/page/zoom-new-features,Zoom New Features
https://bookstack.cci.drexel.edu/books/zoom/page/zoom-checklist,Zoom Checklist
https://bookstack.cci.drexel.edu/books/3d-printing-adventures/chapter/original-prusa-i3-mk3s-kit,Original Prusa i3 MK3S Kit
https://bookstack.cci.drexel.edu/books/3d-printing-adventures/page/prusaslicer-software-setup,PrusaSlicer Software Setup
https://bookstack.cci.drexel.edu/books/3d-printing-adventures/page/using-prusaslicer,Using PrusaSlicer
https://bookstack.cci.drexel.edu/books/3d-printing-adventures/page/using-the-prusa-3d-printer,Using the Prusa 3D Printer
https://bookstack.cci.drexel.edu/books/3d-printing-adventures/page/simplify-feature,Simplify feature
https://bookstack.cci.drexel.edu/books/3d-printing-adventures/page/prusa-i3-mk3---calibration,Prusa i3 MK3 - Calibration
https://bookstack.cci.drexel.edu/books/3d-printing-adventures/page/cut-feature,Cut Feature
https://bookstack.cci.drexel.edu/books/3d-printing-adventures/page/prusa-i3---configuration,Prusa i3 - Configuration
https://bookstack.cci.drexel.edu/books/3d-printing-adventures/page/%22bed-thermal-runaway%22-error,"""Bed Thermal Runaway"" Error"
https://bookstack.cci.drexel.edu/books/3d-printing-adventures/page/prusa-i3-mk3s-troubleshooting,Prusa i3 mk3s+ Troubleshooting
https://bookstack.cci.drexel.edu/books/3d-printing-adventures/chapter/davinci-pro,DaVinci Pro
https://bookstack.cci.drexel.edu/books/3d-printing-adventures/page/davinci-pro-documentation,DaVinci Pro Documentation
https://bookstack.cci.drexel.edu/books/3d-printing-adventures/page/davinci-pro-tips-and-additional-information,DaVinci Pro Tips and Additional Information
https://bookstack.cci.drexel.edu/books/3d-printing-adventures/page/using-ultimaker-cura-to-slice,Using Ultimaker Cura to slice
https://bookstack.cci.drexel.edu/books/3d-printing-adventures/page/3d-printing-supports,3D Printing Supports
https://bookstack.cci.drexel.edu/books/3d-printing-adventures/page/da-vinci-3d-printer---printing-with-supports-and-windows-set-up,Da Vinci 3D Printer - printing with supports and Windows set-up
https://bookstack.cci.drexel.edu/books/3d-printing-adventures/chapter/flashforge,Flashforge
https://bookstack.cci.drexel.edu/books/3d-printing-adventures/page/3d-printer-information,3D Printer Information
https://bookstack.cci.drexel.edu/books/3d-printing-adventures/page/cleaning-the-tray,Cleaning the Tray
https://bookstack.cci.drexel.edu/books/3d-printing-adventures/page/preparing-a-file-for-the-3d-printer,Preparing a File for the 3D Printer
https://bookstack.cci.drexel.edu/books/3d-printing-adventures/page/printing-with-the-3d-printer,Printing with the 3D Printer
https://bookstack.cci.drexel.edu/books/3d-printing-adventures/page/problems-and-troubleshooting-3d-printer,Problems and Troubleshooting 3D Printer
https://bookstack.cci.drexel.edu/books/3d-printing-adventures/page/manual-calibration-or-alignment-of-3d-printer-%28flashforge%29,Manual Calibration or Alignment of 3D Printer (Flashforge)
https://bookstack.cci.drexel.edu/books/3d-printing-adventures/page/3d-printing-quick-guides,3D Printing Quick Guides
https://bookstack.cci.drexel.edu/books/old-fashioned-imaging/chapter/old-fashioned----wds,Old-Fashioned -- WDS
https://bookstack.cci.drexel.edu/books/old-fashioned-imaging/page/old-fashioned----wds-box-configuring,Old-Fashioned -- WDS box Configuring
https://bookstack.cci.drexel.edu/books/old-fashioned-imaging/page/old-fashioned----creating-boot-image-for-wds,Old-Fashioned -- Creating boot image for WDS
https://bookstack.cci.drexel.edu/books/old-fashioned-imaging/chapter/old-fashioned----imaging-or-deployment-or-re-installing-windows-os,Old-Fashioned -- Imaging or Deployment or Re-Installing Windows OS
https://bookstack.cci.drexel.edu/books/old-fashioned-imaging/page/old-fashioned----pre-sccm---imaging-for-3675-podium-pcs,Old-Fashioned -- Pre-SCCM - Imaging for 3675 Podium PCs
https://bookstack.cci.drexel.edu/books/old-fashioned-imaging/page/old-fashioned----pre-sccm-imaging---very-old---windows-10-v-1607-shared-pc-mode,Old-Fashioned -- Pre-SCCM Imaging - VERY OLD - Windows 10 v 1607 Shared PC mode
https://bookstack.cci.drexel.edu/books/old-fashioned-imaging/page/old-fashioned----image-creation---sysprep-command,Old-Fashioned -- Image Creation - Sysprep command
https://bookstack.cci.drexel.edu/books/old-fashioned-imaging/page/old-fashioned----image-creation---sysprep-checklist,Old-Fashioned -- Image Creation - Sysprep checklist
https://bookstack.cci.drexel.edu/books/old-fashioned-imaging/page/old-fashioned----pre-sccm-pre-rdp-user---linux-partition-boot-loader-fix,Old-Fashioned -- Pre-SCCM & Pre-RDP user - Linux Partition Boot Loader Fix
https://bookstack.cci.drexel.edu/books/old-fashioned-imaging/page/old-fashioned----pre-sccm---post-deploy-instructions-after-imaging,Old-Fashioned -- Pre-SCCM - Post-Deploy Instructions after Imaging
https://bookstack.cci.drexel.edu/books/old-fashioned-imaging/page/old-fashioned----pre-sccm-imagingdeploying-image,Old-Fashioned -- Pre-SCCM Imaging/Deploying Image
https://bookstack.cci.drexel.edu/books/old-fashioned-imaging/page/old-fashioned----image-creation---group-policy-configuration,Old-Fashioned -- Image Creation - Group Policy Configuration
https://bookstack.cci.drexel.edu/books/old-fashioned-imaging/page/old-fashioned----image-creation---forcing-roamingprofile---not-good-unless-super-cramped,Old-Fashioned -- Image Creation - Forcing RoamingProfile - not good unless super cramped
https://bookstack.cci.drexel.edu/books/old-fashioned-imaging/page/old-fashioned----mage-creation---enter-audit-mode,Old-Fashioned -- mage Creation - Enter Audit mode
https://bookstack.cci.drexel.edu/books/old-fashioned-imaging/page/old-fashioned----image-creation---default-profiles,Old-Fashioned -- Image Creation - Default Profiles
https://bookstack.cci.drexel.edu/books/old-fashioned-imaging/page/old-fashioned----image-creation---creating-an-unattend-file,Old-Fashioned -- Image Creation - Creating an unattend file
https://bookstack.cci.drexel.edu/books/old-fashioned-imaging/page/old-fashioned----image-creation---guide-to-building-an-image,Old-Fashioned -- Image Creation - Guide to Building an Image
https://bookstack.cci.drexel.edu/books/old-fashioned-imaging/page/old-fashioned----image-creation---cleaning-up-the-image,Old-Fashioned -- Image Creation - Cleaning Up the Image
https://bookstack.cci.drexel.edu/books/old-fashioned-imaging/page/old-fashioned----pre-sccm---angel-script-usb-flashdrive-creation,Old-Fashioned -- Pre-SCCM - Angel Script USB FlashDrive Creation
https://bookstack.cci.drexel.edu/books/old-fashioned-imaging/page/old-fashioned----pre-sccm---angel-scripts-post-deployment,Old-Fashioned -- Pre-SCCM - Angel Scripts & Post-Deployment
https://bookstack.cci.drexel.edu/books/old-fashioned-imaging/page/old-fashioned----pre-sccm---lab-image-software-before-61219,Old-Fashioned -- Pre-SCCM - Lab Image Software before 6/12/19
https://bookstack.cci.drexel.edu/books/old-fashioned-imaging/page/old-fashioned----advanced-sccm---active-dir-ou---add-machines-to-ou,Old-Fashioned -- ADVANCED SCCM - Active Dir & OU - Add machines to OU
https://bookstack.cci.drexel.edu/books/old-fashioned-imaging/page/old-fashioned----redeploying-an-old-mac,Old-Fashioned -- Redeploying an Old Mac
https://bookstack.cci.drexel.edu/books/cci-discord/page/discord-troubleshooting-for-solving-tickets,Discord Troubleshooting for Solving Tickets
https://bookstack.cci.drexel.edu/books/cci-discord/page/discord-sa-responsibilities,Discord SA Responsibilities
https://bookstack.cci.drexel.edu/books/cci-discord/chapter/discord-dashboard,Discord Dashboard
https://bookstack.cci.drexel.edu/books/cci-discord/page/ccis-discord-server-information,CCI's Discord Server Information
https://bookstack.cci.drexel.edu/books/cci-discord/page/how-to-use-the-discord-dashboard,How to use the Discord Dashboard
https://bookstack.cci.drexel.edu/books/cci-discord/page/viewing-our-servers-in-the-dashboard,Viewing our servers in the Dashboard
https://bookstack.cci.drexel.edu/books/cci-discord/chapter/class-category-requests-and-settings,Class Category Requests and Settings
https://bookstack.cci.drexel.edu/books/cci-discord/page/cci-discord-channel-request-tickets,CCI Discord Channel Request Tickets
https://bookstack.cci.drexel.edu/books/cci-discord/page/course-category-setup,Course Category Setup
https://bookstack.cci.drexel.edu/books/cci-discord/page/discord-bot-setup-for-courses,Discord Bot Setup for Courses
https://bookstack.cci.drexel.edu/books/cci-discord/chapter/cci-drexel-university,CCI @ Drexel University
https://bookstack.cci.drexel.edu/books/cci-discord/page/life-cycle,Life Cycle
https://bookstack.cci.drexel.edu/books/cci-discord/page/moderator-responsibilities,Moderator Responsibilities
https://bookstack.cci.drexel.edu/books/cci-discord/page/bot-instructions,Bot Instructions
https://bookstack.cci.drexel.edu/books/cci-discord/chapter/cci-senior-design-%28cs-ds-is-se%29,"CCI Senior Design (CS, DS, IS, SE)"
https://bookstack.cci.drexel.edu/books/cci-discord/page/cci-sr-design-discord-server-tickets,CCI Sr Design Discord Server Tickets
https://bookstack.cci.drexel.edu/books/cci-discord/chapter/cci-recruitment-servers,CCI Recruitment Servers
https://bookstack.cci.drexel.edu/books/cci-discord/page/troubleshooting-join-requests-%28dashboard%29,Troubleshooting Join Requests (Dashboard)
https://bookstack.cci.drexel.edu/books/cci-discord/page/turning-server-to-%22read-only%22,"Turning Server to ""Read Only"""
https://bookstack.cci.drexel.edu/books/cci-discord/page/templates-or-canned-responses-for-common-remedyforce-questions,Templates or Canned Responses for Common RemedyForce Questions
https://bookstack.cci.drexel.edu/books/cci-discord/page/adding-cci-discord-bot-to-new-servers,Adding CCI Discord Bot to new servers
https://bookstack.cci.drexel.edu/books/cci-discord/page/protocol-for-hackedcompromised-accounts,Protocol for Hacked/Compromised Accounts
https://bookstack.cci.drexel.edu/books/cci-discord/page/cci-discord-senior-design-alumni,CCI Discord Senior Design ALUMNI
https://bookstack.cci.drexel.edu/books/raspberry-pi/chapter/cloudservers,Cloudservers
https://bookstack.cci.drexel.edu/books/raspberry-pi/page/nextcloudpi,NextCloudPi
https://bookstack.cci.drexel.edu/books/raspberry-pi/page/pi-hole,Pi-hole
https://bookstack.cci.drexel.edu/books/raspberry-pi/page/raspberry-pi-overview-tips-imaging-starter-project,"Raspberry Pi: Overview, Tips, Imaging, Starter Project"
https://bookstack.cci.drexel.edu/books/raspberry-pi/page/troubleshooting,Troubleshooting
https://bookstack.cci.drexel.edu/books/raspberry-pi/page/minecraft-pi,Minecraft Pi
https://bookstack.cci.drexel.edu/books/raspberry-pi/page/remoting-into-a-raspberry-pi,Remoting into a Raspberry Pi
https://bookstack.cci.drexel.edu/books/raspberry-pi/page/creating-kali-linux-microsd-for-raspberry-pi,Creating Kali Linux microSD for Raspberry Pi
https://bookstack.cci.drexel.edu/books/raspberry-pi/chapter/troubleshooting-kali-linux,Troubleshooting Kali Linux
https://bookstack.cci.drexel.edu/books/raspberry-pi/page/troubleshooting-bluetooth,Troubleshooting Bluetooth
https://bookstack.cci.drexel.edu/books/raspberry-pi/page/troubleshooting-wifi,Troubleshooting WiFi
https://bookstack.cci.drexel.edu/books/arduino-inventory/page/arduino-kit-inventory,Arduino Kit Inventory
https://bookstack.cci.drexel.edu/books/arduino-inventory/page/organizer-inventory,Organizer Inventory
https://bookstack.cci.drexel.edu/books/arduino-inventory/page/extraneous-components,Extraneous Components
https://bookstack.cci.drexel.edu/books/android/page/sideloading-apps-on-android,Sideloading apps on Android
https://bookstack.cci.drexel.edu/books/ios/page/how-to-remove-and-re-add-dragonfly3-on-ios-or-ipad,How to remove and re-add dragonfly3 on iOS or iPad
https://bookstack.cci.drexel.edu/books/chomeos/page/installing-chromeos-flex-on-an-old-chromebook,Installing ChromeOS Flex on an Old Chromebook
https://bookstack.cci.drexel.edu/books/public-cci-documentation/chapter/tux,Tux
https://bookstack.cci.drexel.edu/books/public-cci-documentation/page/tux-services,Tux Services
https://bookstack.cci.drexel.edu/books/public-cci-documentation/page/tux-account-information,Tux Account Information
https://bookstack.cci.drexel.edu/books/public-cci-documentation/page/connect-to-tux-from-windows---ssh,Connect to Tux from Windows - SSH
https://bookstack.cci.drexel.edu/books/public-cci-documentation/page/connect-to-tux-from-mac-and-linux---ssh,Connect to Tux from Mac and Linux - SSH
https://bookstack.cci.drexel.edu/books/public-cci-documentation/page/connect-to-tux-from-macintosh---remote-desktop-%28rdp%29,Connect to Tux from Macintosh - Remote Desktop (RDP)
https://bookstack.cci.drexel.edu/books/public-cci-documentation/page/connect-to-tux-from-ipad---remote-desktop-%28rdp%29,Connect to Tux from iPad - Remote Desktop (RDP)
https://bookstack.cci.drexel.edu/books/public-cci-documentation/page/connect-to-tux-from-windows---remote-desktop-%28rdp%29,Connect to Tux from Windows - Remote Desktop (RDP)
https://bookstack.cci.drexel.edu/books/public-cci-documentation/page/tux-web-services,Tux Web Services
https://bookstack.cci.drexel.edu/books/public-cci-documentation/page/checking-live-steams-in-echo360,Checking Live Steams in Echo360
https://bookstack.cci.drexel.edu/books/public-cci-documentation/page/sshfs-for-mac,SSHFS for Mac
https://bookstack.cci.drexel.edu/books/public-cci-documentation/page/disable-cortana-in-search-in-windows-10,Disable Cortana in Search in Windows 10
https://bookstack.cci.drexel.edu/books/public-cci-documentation/page/adding-processing-to-the-start-menu-for-all-cci-lab-machine-users,Adding Processing to the Start Menu for all CCI Lab Machine Users
https://bookstack.cci.drexel.edu/books/public-cci-documentation/page/fix-ssh-host-key-error-for-tux,Fix SSH host key error for Tux
https://bookstack.cci.drexel.edu/books/public-cci-documentation/page/cci-services-what-needs-vpn,CCI Services: What Needs VPN?
https://bookstack.cci.drexel.edu/books/public-cci-documentation/page/miro-whiteboard,Miro Whiteboard
https://bookstack.cci.drexel.edu/books/public-cci-documentation/page/senior-design-resources,Senior Design Resources
https://bookstack.cci.drexel.edu/books/public-cci-documentation/page/gitlab-basics,Gitlab Basics
https://bookstack.cci.drexel.edu/books/public-cci-documentation/page/installing-git-client-on-windows,Installing Git client on Windows
https://bookstack.cci.drexel.edu/books/public-cci-documentation/page/jupyterhub-and-jupyter-notebooks,Jupyterhub and Jupyter Notebooks
https://bookstack.cci.drexel.edu/books/public-cci-documentation/page/connecting-to-a-mac-over-screen-sharing-from-a-pc,Connecting to a Mac over Screen Sharing from a PC
https://bookstack.cci.drexel.edu/books/public-cci-documentation/page/mac-software-that-does-not-support-64-bit-operating-systems,Mac Software That Does Not Support 64-bit Operating Systems
https://bookstack.cci.drexel.edu/books/public-cci-documentation/chapter/53c3b,
https://bookstack.cci.drexel.edu/books/public-cci-documentation/chapter/discord-management,Discord Management
https://bookstack.cci.drexel.edu/books/public-cci-documentation/page/email-notifications,Email Notifications
https://bookstack.cci.drexel.edu/books/public-cci-documentation/page/locating-you-servers,Locating you servers
https://bookstack.cci.drexel.edu/books/public-cci-documentation/page/adding-users-to-a-server,Adding Users to a Server
https://bookstack.cci.drexel.edu/books/public-cci-documentation/page/upload-template-file,Upload Template File
https://bookstack.cci.drexel.edu/books/public-cci-documentation/page/removing-a-users-from-a-server,Removing a user(s) from a server
https://bookstack.cci.drexel.edu/books/public-cci-documentation/page/approvingdenying-join-requests,Approving/Denying Join Requests
https://bookstack.cci.drexel.edu/books/public-cci-documentation/page/resending-invitation-emails,Resending Invitation Emails
https://bookstack.cci.drexel.edu/books/public-cci-documentation/chapter/tux,Tux
https://bookstack.cci.drexel.edu/books/public-cci-documentation/page/tux-services,Tux Services
https://bookstack.cci.drexel.edu/books/public-cci-documentation/page/tux-account-information,Tux Account Information
https://bookstack.cci.drexel.edu/books/public-cci-documentation/page/connect-to-tux-from-windows---ssh,Connect to Tux from Windows - SSH
https://bookstack.cci.drexel.edu/books/public-cci-documentation/page/connect-to-tux-from-mac-and-linux---ssh,Connect to Tux from Mac and Linux - SSH
https://bookstack.cci.drexel.edu/books/public-cci-documentation/page/connect-to-tux-from-macintosh---remote-desktop-%28rdp%29,Connect to Tux from Macintosh - Remote Desktop (RDP)
https://bookstack.cci.drexel.edu/books/public-cci-documentation/page/connect-to-tux-from-ipad---remote-desktop-%28rdp%29,Connect to Tux from iPad - Remote Desktop (RDP)
https://bookstack.cci.drexel.edu/books/public-cci-documentation/page/connect-to-tux-from-windows---remote-desktop-%28rdp%29,Connect to Tux from Windows - Remote Desktop (RDP)
https://bookstack.cci.drexel.edu/books/public-cci-documentation/page/tux-web-services,Tux Web Services
https://bookstack.cci.drexel.edu/books/public-cci-documentation/page/checking-live-steams-in-echo360,Checking Live Steams in Echo360
https://bookstack.cci.drexel.edu/books/public-cci-documentation/page/sshfs-for-mac,SSHFS for Mac
https://bookstack.cci.drexel.edu/books/public-cci-documentation/page/disable-cortana-in-search-in-windows-10,Disable Cortana in Search in Windows 10
https://bookstack.cci.drexel.edu/books/public-cci-documentation/page/adding-processing-to-the-start-menu-for-all-cci-lab-machine-users,Adding Processing to the Start Menu for all CCI Lab Machine Users
https://bookstack.cci.drexel.edu/books/public-cci-documentation/page/fix-ssh-host-key-error-for-tux,Fix SSH host key error for Tux
https://bookstack.cci.drexel.edu/books/public-cci-documentation/page/cci-services-what-needs-vpn,CCI Services: What Needs VPN?
https://bookstack.cci.drexel.edu/books/public-cci-documentation/page/miro-whiteboard,Miro Whiteboard
https://bookstack.cci.drexel.edu/books/public-cci-documentation/page/senior-design-resources,Senior Design Resources
https://bookstack.cci.drexel.edu/books/public-cci-documentation/page/gitlab-basics,Gitlab Basics
https://bookstack.cci.drexel.edu/books/public-cci-documentation/page/installing-git-client-on-windows,Installing Git client on Windows
https://bookstack.cci.drexel.edu/books/public-cci-documentation/page/jupyterhub-and-jupyter-notebooks,Jupyterhub and Jupyter Notebooks
https://bookstack.cci.drexel.edu/books/public-cci-documentation/page/connecting-to-a-mac-over-screen-sharing-from-a-pc,Connecting to a Mac over Screen Sharing from a PC
https://bookstack.cci.drexel.edu/books/public-cci-documentation/page/mac-software-that-does-not-support-64-bit-operating-systems,Mac Software That Does Not Support 64-bit Operating Systems
https://bookstack.cci.drexel.edu/books/public-cci-documentation/chapter/53c3b,
https://bookstack.cci.drexel.edu/books/public-cci-documentation/chapter/discord-management,Discord Management
https://bookstack.cci.drexel.edu/books/public-cci-documentation/page/email-notifications,Email Notifications
https://bookstack.cci.drexel.edu/books/public-cci-documentation/page/locating-you-servers,Locating you servers
https://bookstack.cci.drexel.edu/books/public-cci-documentation/page/adding-users-to-a-server,Adding Users to a Server
https://bookstack.cci.drexel.edu/books/public-cci-documentation/page/upload-template-file,Upload Template File
https://bookstack.cci.drexel.edu/books/public-cci-documentation/page/removing-a-users-from-a-server,Removing a user(s) from a server
https://bookstack.cci.drexel.edu/books/public-cci-documentation/page/approvingdenying-join-requests,Approving/Denying Join Requests
https://bookstack.cci.drexel.edu/books/public-cci-documentation/page/resending-invitation-emails,Resending Invitation Emails
https://bookstack.cci.drexel.edu/books/proxmox/page/proxmox-ceph-configuration,Proxmox CEPH configuration
https://bookstack.cci.drexel.edu/books/proxmox/page/mount-an-existing-disk-in-a-proxmox-vm,Mount an existing disk in a Proxmox VM
https://bookstack.cci.drexel.edu/books/proxmox/page/proxmox-firewalls,Proxmox firewalls
https://bookstack.cci.drexel.edu/books/proxmox/page/proxmox-upgrade,Proxmox Upgrade
https://bookstack.cci.drexel.edu/books/proxmox/page/user-and-permission-management,User and Permission Management
https://bookstack.cci.drexel.edu/books/proxmox/page/cluster-management,Cluster management
https://bookstack.cci.drexel.edu/books/proxmox/page/building-a-gpu-vm,Building a GPU VM
https://bookstack.cci.drexel.edu/books/proxmox/page/extending-an-lvm-drive-in-proxmox,Extending an LVM drive in Proxmox
https://bookstack.cci.drexel.edu/books/proxmox/page/migrating-a-machine-to-proxmox,Migrating a Machine to Proxmox
https://bookstack.cci.drexel.edu/books/proxmox/page/migrate-linux-vm-from-xen-to-proxmox-%28for-centos6-or-below%29,Migrate Linux VM from Xen to Proxmox (for CentOS6 or below)
https://bookstack.cci.drexel.edu/books/proxmox/page/migrate-linux-vm-from-xen-to-proxmox-%28for-centos7%29,Migrate Linux VM from Xen to Proxmox (for CentOS7)
https://bookstack.cci.drexel.edu/books/proxmox/page/migrate-windows-vm-from-xen-to-proxmox,Migrate Windows VM from Xen to Proxmox
https://bookstack.cci.drexel.edu/books/proxmox/page/zfs-maintenance-and-troubleshooting,ZFS Maintenance and Troubleshooting
https://bookstack.cci.drexel.edu/books/old-documentation/page/gpu-workstations,GPU Workstations
https://bookstack.cci.drexel.edu/books/old-documentation/page/gitlab-sso-registration,Gitlab SSO Registration
